[    1094ms] [ERROR] Access to font at 'http://localhost:3002/_next/static/media/83afe278b6a6bb3c-s.p.3a6ba036.woff2' from origin 'null' has been blocked by CORS policy: No 'Access-Control-Allow-Origin' header is present on the requested resource. @ http://localhost:3002/sandbox:0
[    1094ms] [ERROR] Failed to load resource: net::ERR_FAILED @ http://localhost:3002/_next/static/media/83afe278b6a6bb3c-s.p.3a6ba036.woff2:0
[    1094ms] [ERROR] Access to font at 'http://localhost:3002/_next/static/media/Kalice_Trial_Bold-s.p.0d951813.otf' from origin 'null' has been blocked by CORS policy: No 'Access-Control-Allow-Origin' header is present on the requested resource. @ http://localhost:3002/sandbox:0
[    1095ms] [ERROR] Failed to load resource: net::ERR_FAILED @ http://localhost:3002/_next/static/media/Kalice_Trial_Bold-s.p.0d951813.otf:0
[    1095ms] [ERROR] Access to font at 'http://localhost:3002/_next/static/media/Kalice_Trial_Regular-s.p.097de76f.otf' from origin 'null' has been blocked by CORS policy: No 'Access-Control-Allow-Origin' header is present on the requested resource. @ http://localhost:3002/sandbox:0
[    1095ms] [ERROR] Failed to load resource: net::ERR_FAILED @ http://localhost:3002/_next/static/media/Kalice_Trial_Regular-s.p.097de76f.otf:0
[    1095ms] [ERROR] Access to font at 'http://localhost:3002/_next/static/media/Kalice_Trial_Medium-s.p.e5dbb990.otf' from origin 'null' has been blocked by CORS policy: No 'Access-Control-Allow-Origin' header is present on the requested resource. @ http://localhost:3002/sandbox:0
[    1095ms] [ERROR] Failed to load resource: net::ERR_FAILED @ http://localhost:3002/_next/static/media/Kalice_Trial_Medium-s.p.e5dbb990.otf:0
[    1156ms] SecurityError: Failed to read the 'localStorage' property from 'Window': The document is sandboxed and lacks the 'allow-same-origin' flag.
    at http://localhost:3002/sandbox:1:3270
[    1175ms] [ERROR] Access to font at 'http://localhost:3002/_next/static/media/83afe278b6a6bb3c-s.p.3a6ba036.woff2' from origin 'null' has been blocked by CORS policy: No 'Access-Control-Allow-Origin' header is present on the requested resource. @ http://localhost:3002/sandbox:0
[    1175ms] [ERROR] Failed to load resource: net::ERR_FAILED @ http://localhost:3002/_next/static/media/83afe278b6a6bb3c-s.p.3a6ba036.woff2:0
[    1182ms] [ERROR] Access to font at 'http://localhost:3002/_next/static/media/Kalice_Trial_Medium-s.p.e5dbb990.otf' from origin 'null' has been blocked by CORS policy: No 'Access-Control-Allow-Origin' header is present on the requested resource. @ http://localhost:3002/sandbox:0
[    1182ms] [ERROR] Failed to load resource: net::ERR_FAILED @ http://localhost:3002/_next/static/media/Kalice_Trial_Medium-s.p.e5dbb990.otf:0
[    1182ms] [ERROR] Access to font at 'http://localhost:3002/_next/static/media/Kalice_Trial_Bold-s.p.0d951813.otf' from origin 'null' has been blocked by CORS policy: No 'Access-Control-Allow-Origin' header is present on the requested resource. @ http://localhost:3002/sandbox:0
[    1182ms] [ERROR] Failed to load resource: net::ERR_FAILED @ http://localhost:3002/_next/static/media/Kalice_Trial_Bold-s.p.0d951813.otf:0
[    1184ms] [ERROR] Access to font at 'http://localhost:3002/_next/static/media/Kalice_Trial_Regular-s.p.097de76f.otf' from origin 'null' has been blocked by CORS policy: No 'Access-Control-Allow-Origin' header is present on the requested resource. @ http://localhost:3002/sandbox:0
[    1185ms] [ERROR] Failed to load resource: net::ERR_FAILED @ http://localhost:3002/_next/static/media/Kalice_Trial_Regular-s.p.097de76f.otf:0
[    4268ms] [WARNING] The resource http://localhost:3002/_next/static/media/Kalice_Trial_Bold-s.p.0d951813.otf was preloaded using link preload but not used within a few seconds from the window's load event. Please make sure it has an appropriate `as` value and it is preloaded intentionally. @ http://localhost:3002/sandbox:0
[    4268ms] [WARNING] The resource http://localhost:3002/_next/static/media/83afe278b6a6bb3c-s.p.3a6ba036.woff2 was preloaded using link preload but not used within a few seconds from the window's load event. Please make sure it has an appropriate `as` value and it is preloaded intentionally. @ http://localhost:3002/sandbox:0
[    4268ms] [WARNING] The resource http://localhost:3002/_next/static/media/Kalice_Trial_Medium-s.p.e5dbb990.otf was preloaded using link preload but not used within a few seconds from the window's load event. Please make sure it has an appropriate `as` value and it is preloaded intentionally. @ http://localhost:3002/sandbox:0
[    4268ms] [WARNING] The resource http://localhost:3002/_next/static/media/Kalice_Trial_Regular-s.p.097de76f.otf was preloaded using link preload but not used within a few seconds from the window's load event. Please make sure it has an appropriate `as` value and it is preloaded intentionally. @ http://localhost:3002/sandbox:0
[   26128ms] [ERROR] Access to font at 'http://localhost:3002/__nextjs_font/geist-latin.woff2' from origin 'null' has been blocked by CORS policy: No 'Access-Control-Allow-Origin' header is present on the requested resource. @ http://localhost:3002/sandbox:0
[   26128ms] [ERROR] Failed to load resource: net::ERR_FAILED @ http://localhost:3002/__nextjs_font/geist-latin.woff2:0
[   29130ms] [WARNING] The resource http://localhost:3002/_next/static/media/Kalice_Trial_Bold-s.p.0d951813.otf was preloaded using link preload but not used within a few seconds from the window's load event. Please make sure it has an appropriate `as` value and it is preloaded intentionally. @ http://localhost:3002/sandbox:0
[   29130ms] [WARNING] The resource http://localhost:3002/_next/static/media/83afe278b6a6bb3c-s.p.3a6ba036.woff2 was preloaded using link preload but not used within a few seconds from the window's load event. Please make sure it has an appropriate `as` value and it is preloaded intentionally. @ http://localhost:3002/sandbox:0
[   29130ms] [WARNING] The resource http://localhost:3002/_next/static/media/Kalice_Trial_Medium-s.p.e5dbb990.otf was preloaded using link preload but not used within a few seconds from the window's load event. Please make sure it has an appropriate `as` value and it is preloaded intentionally. @ http://localhost:3002/sandbox:0
[   29130ms] [WARNING] The resource http://localhost:3002/_next/static/media/Kalice_Trial_Regular-s.p.097de76f.otf was preloaded using link preload but not used within a few seconds from the window's load event. Please make sure it has an appropriate `as` value and it is preloaded intentionally. @ http://localhost:3002/sandbox:0
[  429927ms] [ERROR] Encountered two children with the same key, `%s`. Keys should be unique so that components maintain their identity across updates. Non-unique keys may cause children to be duplicated and/or omitted — the behavior is unsupported and could change in a future version. Calculator @ http://localhost:3002/_next/static/chunks/ec119_next_dist_26ca9c9c._.js:3127
[  429977ms] [ERROR] Encountered two children with the same key, `%s`. Keys should be unique so that components maintain their identity across updates. Non-unique keys may cause children to be duplicated and/or omitted — the behavior is unsupported and could change in a future version. Calculator @ http://localhost:3002/_next/static/chunks/ec119_next_dist_26ca9c9c._.js:3127
[  430003ms] [ERROR] Encountered two children with the same key, `%s`. Keys should be unique so that components maintain their identity across updates. Non-unique keys may cause children to be duplicated and/or omitted — the behavior is unsupported and could change in a future version. Calculator @ http://localhost:3002/_next/static/chunks/ec119_next_dist_26ca9c9c._.js:3127
[    1094ms] [ERROR] Access to font at 'http://localhost:3002/_next/static/media/83afe278b6a6bb3c-s.p.3a6ba036.woff2' from origin 'null' has been blocked by CORS policy: No 'Access-Control-Allow-Origin' header is present on the requested resource. @ http://localhost:3002/sandbox:0
[    1094ms] [ERROR] Failed to load resource: net::ERR_FAILED @ http://localhost:3002/_next/static/media/83afe278b6a6bb3c-s.p.3a6ba036.woff2:0
[    1094ms] [ERROR] Access to font at 'http://localhost:3002/_next/static/media/Kalice_Trial_Bold-s.p.0d951813.otf' from origin 'null' has been blocked by CORS policy: No 'Access-Control-Allow-Origin' header is present on the requested resource. @ http://localhost:3002/sandbox:0
[    1095ms] [ERROR] Failed to load resource: net::ERR_FAILED @ http://localhost:3002/_next/static/media/Kalice_Trial_Bold-s.p.0d951813.otf:0
[    1095ms] [ERROR] Access to font at 'http://localhost:3002/_next/static/media/Kalice_Trial_Regular-s.p.097de76f.otf' from origin 'null' has been blocked by CORS policy: No 'Access-Control-Allow-Origin' header is present on the requested resource. @ http://localhost:3002/sandbox:0
[    1095ms] [ERROR] Failed to load resource: net::ERR_FAILED @ http://localhost:3002/_next/static/media/Kalice_Trial_Regular-s.p.097de76f.otf:0
[    1095ms] [ERROR] Access to font at 'http://localhost:3002/_next/static/media/Kalice_Trial_Medium-s.p.e5dbb990.otf' from origin 'null' has been blocked by CORS policy: No 'Access-Control-Allow-Origin' header is present on the requested resource. @ http://localhost:3002/sandbox:0
[    1095ms] [ERROR] Failed to load resource: net::ERR_FAILED @ http://localhost:3002/_next/static/media/Kalice_Trial_Medium-s.p.e5dbb990.otf:0
[    1175ms] [ERROR] Access to font at 'http://localhost:3002/_next/static/media/83afe278b6a6bb3c-s.p.3a6ba036.woff2' from origin 'null' has been blocked by CORS policy: No 'Access-Control-Allow-Origin' header is present on the requested resource. @ http://localhost:3002/sandbox:0
[    1175ms] [ERROR] Failed to load resource: net::ERR_FAILED @ http://localhost:3002/_next/static/media/83afe278b6a6bb3c-s.p.3a6ba036.woff2:0
[    1182ms] [ERROR] Access to font at 'http://localhost:3002/_next/static/media/Kalice_Trial_Medium-s.p.e5dbb990.otf' from origin 'null' has been blocked by CORS policy: No 'Access-Control-Allow-Origin' header is present on the requested resource. @ http://localhost:3002/sandbox:0
[    1182ms] [ERROR] Failed to load resource: net::ERR_FAILED @ http://localhost:3002/_next/static/media/Kalice_Trial_Medium-s.p.e5dbb990.otf:0
[    1182ms] [ERROR] Access to font at 'http://localhost:3002/_next/static/media/Kalice_Trial_Bold-s.p.0d951813.otf' from origin 'null' has been blocked by CORS policy: No 'Access-Control-Allow-Origin' header is present on the requested resource. @ http://localhost:3002/sandbox:0
[    1182ms] [ERROR] Failed to load resource: net::ERR_FAILED @ http://localhost:3002/_next/static/media/Kalice_Trial_Bold-s.p.0d951813.otf:0
[    1184ms] [ERROR] Access to font at 'http://localhost:3002/_next/static/media/Kalice_Trial_Regular-s.p.097de76f.otf' from origin 'null' has been blocked by CORS policy: No 'Access-Control-Allow-Origin' header is present on the requested resource. @ http://localhost:3002/sandbox:0
[    1185ms] [ERROR] Failed to load resource: net::ERR_FAILED @ http://localhost:3002/_next/static/media/Kalice_Trial_Regular-s.p.097de76f.otf:0
[    4268ms] [WARNING] The resource http://localhost:3002/_next/static/media/Kalice_Trial_Bold-s.p.0d951813.otf was preloaded using link preload but not used within a few seconds from the window's load event. Please make sure it has an appropriate `as` value and it is preloaded intentionally. @ http://localhost:3002/sandbox:0
[    4268ms] [WARNING] The resource http://localhost:3002/_next/static/media/83afe278b6a6bb3c-s.p.3a6ba036.woff2 was preloaded using link preload but not used within a few seconds from the window's load event. Please make sure it has an appropriate `as` value and it is preloaded intentionally. @ http://localhost:3002/sandbox:0
[    4268ms] [WARNING] The resource http://localhost:3002/_next/static/media/Kalice_Trial_Medium-s.p.e5dbb990.otf was preloaded using link preload but not used within a few seconds from the window's load event. Please make sure it has an appropriate `as` value and it is preloaded intentionally. @ http://localhost:3002/sandbox:0
[    4268ms] [WARNING] The resource http://localhost:3002/_next/static/media/Kalice_Trial_Regular-s.p.097de76f.otf was preloaded using link preload but not used within a few seconds from the window's load event. Please make sure it has an appropriate `as` value and it is preloaded intentionally. @ http://localhost:3002/sandbox:0
[   26128ms] [ERROR] Access to font at 'http://localhost:3002/__nextjs_font/geist-latin.woff2' from origin 'null' has been blocked by CORS policy: No 'Access-Control-Allow-Origin' header is present on the requested resource. @ http://localhost:3002/sandbox:0
[   26128ms] [ERROR] Failed to load resource: net::ERR_FAILED @ http://localhost:3002/__nextjs_font/geist-latin.woff2:0
[   29130ms] [WARNING] The resource http://localhost:3002/_next/static/media/Kalice_Trial_Bold-s.p.0d951813.otf was preloaded using link preload but not used within a few seconds from the window's load event. Please make sure it has an appropriate `as` value and it is preloaded intentionally. @ http://localhost:3002/sandbox:0
[   29130ms] [WARNING] The resource http://localhost:3002/_next/static/media/83afe278b6a6bb3c-s.p.3a6ba036.woff2 was preloaded using link preload but not used within a few seconds from the window's load event. Please make sure it has an appropriate `as` value and it is preloaded intentionally. @ http://localhost:3002/sandbox:0
[   29130ms] [WARNING] The resource http://localhost:3002/_next/static/media/Kalice_Trial_Medium-s.p.e5dbb990.otf was preloaded using link preload but not used within a few seconds from the window's load event. Please make sure it has an appropriate `as` value and it is preloaded intentionally. @ http://localhost:3002/sandbox:0
[   29130ms] [WARNING] The resource http://localhost:3002/_next/static/media/Kalice_Trial_Regular-s.p.097de76f.otf was preloaded using link preload but not used within a few seconds from the window's load event. Please make sure it has an appropriate `as` value and it is preloaded intentionally. @ http://localhost:3002/sandbox:0
[  430132ms] [ERROR] Access to font at 'http://localhost:3002/_next/static/media/83afe278b6a6bb3c-s.p.3a6ba036.woff2' from origin 'null' has been blocked by CORS policy: No 'Access-Control-Allow-Origin' header is present on the requested resource. @ http://localhost:3002/sandbox:0
[  430132ms] [ERROR] Failed to load resource: net::ERR_FAILED @ http://localhost:3002/_next/static/media/83afe278b6a6bb3c-s.p.3a6ba036.woff2:0
[  430132ms] [ERROR] Access to font at 'http://localhost:3002/_next/static/media/Kalice_Trial_Bold-s.p.0d951813.otf' from origin 'null' has been blocked by CORS policy: No 'Access-Control-Allow-Origin' header is present on the requested resource. @ http://localhost:3002/sandbox:0
[  430132ms] [ERROR] Failed to load resource: net::ERR_FAILED @ http://localhost:3002/_next/static/media/Kalice_Trial_Bold-s.p.0d951813.otf:0
[  430132ms] [ERROR] Access to font at 'http://localhost:3002/_next/static/media/Kalice_Trial_Medium-s.p.e5dbb990.otf' from origin 'null' has been blocked by CORS policy: No 'Access-Control-Allow-Origin' header is present on the requested resource. @ http://localhost:3002/sandbox:0
[  430132ms] [ERROR] Failed to load resource: net::ERR_FAILED @ http://localhost:3002/_next/static/media/Kalice_Trial_Medium-s.p.e5dbb990.otf:0
[  430132ms] [ERROR] Access to font at 'http://localhost:3002/_next/static/media/Kalice_Trial_Regular-s.p.097de76f.otf' from origin 'null' has been blocked by CORS policy: No 'Access-Control-Allow-Origin' header is present on the requested resource. @ http://localhost:3002/sandbox:0
[  430132ms] [ERROR] Failed to load resource: net::ERR_FAILED @ http://localhost:3002/_next/static/media/Kalice_Trial_Regular-s.p.097de76f.otf:0
[  430200ms] SecurityError: Failed to read the 'localStorage' property from 'Window': The document is sandboxed and lacks the 'allow-same-origin' flag.
    at http://localhost:3002/sandbox:1:3270
[  430320ms] [ERROR] Access to font at 'http://localhost:3002/_next/static/media/83afe278b6a6bb3c-s.p.3a6ba036.woff2' from origin 'null' has been blocked by CORS policy: No 'Access-Control-Allow-Origin' header is present on the requested resource. @ http://localhost:3002/sandbox:0
[  430320ms] [ERROR] Failed to load resource: net::ERR_FAILED @ http://localhost:3002/_next/static/media/83afe278b6a6bb3c-s.p.3a6ba036.woff2:0
[  430323ms] [ERROR] Access to font at 'http://localhost:3002/_next/static/media/Kalice_Trial_Medium-s.p.e5dbb990.otf' from origin 'null' has been blocked by CORS policy: No 'Access-Control-Allow-Origin' header is present on the requested resource. @ http://localhost:3002/sandbox:0
[  430323ms] [ERROR] Failed to load resource: net::ERR_FAILED @ http://localhost:3002/_next/static/media/Kalice_Trial_Medium-s.p.e5dbb990.otf:0
[  430324ms] [ERROR] Access to font at 'http://localhost:3002/_next/static/media/Kalice_Trial_Bold-s.p.0d951813.otf' from origin 'null' has been blocked by CORS policy: No 'Access-Control-Allow-Origin' header is present on the requested resource. @ http://localhost:3002/sandbox:0
[  430324ms] [ERROR] Failed to load resource: net::ERR_FAILED @ http://localhost:3002/_next/static/media/Kalice_Trial_Bold-s.p.0d951813.otf:0
[  430325ms] [ERROR] Access to font at 'http://localhost:3002/_next/static/media/Kalice_Trial_Regular-s.p.097de76f.otf' from origin 'null' has been blocked by CORS policy: No 'Access-Control-Allow-Origin' header is present on the requested resource. @ http://localhost:3002/sandbox:0
[  430325ms] [ERROR] Failed to load resource: net::ERR_FAILED @ http://localhost:3002/_next/static/media/Kalice_Trial_Regular-s.p.097de76f.otf:0
[  431315ms] [ERROR] Encountered two children with the same key, `%s`. Keys should be unique so that components maintain their identity across updates. Non-unique keys may cause children to be duplicated and/or omitted — the behavior is unsupported and could change in a future version. Calculator @ http://localhost:3002/_next/static/chunks/ec119_next_dist_26ca9c9c._.js:3127
[  433449ms] [WARNING] The resource http://localhost:3002/_next/static/media/Kalice_Trial_Bold-s.p.0d951813.otf was preloaded using link preload but not used within a few seconds from the window's load event. Please make sure it has an appropriate `as` value and it is preloaded intentionally. @ http://localhost:3002/sandbox:0
[  433450ms] [WARNING] The resource http://localhost:3002/_next/static/media/83afe278b6a6bb3c-s.p.3a6ba036.woff2 was preloaded using link preload but not used within a few seconds from the window's load event. Please make sure it has an appropriate `as` value and it is preloaded intentionally. @ http://localhost:3002/sandbox:0
[  433450ms] [WARNING] The resource http://localhost:3002/_next/static/media/Kalice_Trial_Medium-s.p.e5dbb990.otf was preloaded using link preload but not used within a few seconds from the window's load event. Please make sure it has an appropriate `as` value and it is preloaded intentionally. @ http://localhost:3002/sandbox:0
[  433450ms] [WARNING] The resource http://localhost:3002/_next/static/media/Kalice_Trial_Regular-s.p.097de76f.otf was preloaded using link preload but not used within a few seconds from the window's load event. Please make sure it has an appropriate `as` value and it is preloaded intentionally. @ http://localhost:3002/sandbox:0
[  437177ms] [ERROR] Encountered two children with the same key, `%s`. Keys should be unique so that components maintain their identity across updates. Non-unique keys may cause children to be duplicated and/or omitted — the behavior is unsupported and could change in a future version. Calculator @ http://localhost:3002/_next/static/chunks/ec119_next_dist_26ca9c9c._.js:3127
[  458433ms] [ERROR] Encountered two children with the same key, `%s`. Keys should be unique so that components maintain their identity across updates. Non-unique keys may cause children to be duplicated and/or omitted — the behavior is unsupported and could change in a future version. Calculator @ http://localhost:3002/_next/static/chunks/ec119_next_dist_26ca9c9c._.js:3127
[  458648ms] [ERROR] Encountered two children with the same key, `%s`. Keys should be unique so that components maintain their identity across updates. Non-unique keys may cause children to be duplicated and/or omitted — the behavior is unsupported and could change in a future version. Calculator @ http://localhost:3002/_next/static/chunks/ec119_next_dist_26ca9c9c._.js:3127
[  459962ms] [ERROR] Encountered two children with the same key, `%s`. Keys should be unique so that components maintain their identity across updates. Non-unique keys may cause children to be duplicated and/or omitted — the behavior is unsupported and could change in a future version. Calculator @ http://localhost:3002/_next/static/chunks/ec119_next_dist_26ca9c9c._.js:3127
[  460912ms] [ERROR] Encountered two children with the same key, `%s`. Keys should be unique so that components maintain their identity across updates. Non-unique keys may cause children to be duplicated and/or omitted — the behavior is unsupported and could change in a future version. Calculator @ http://localhost:3002/_next/static/chunks/ec119_next_dist_26ca9c9c._.js:3127
[  462066ms] [ERROR] Encountered two children with the same key, `%s`. Keys should be unique so that components maintain their identity across updates. Non-unique keys may cause children to be duplicated and/or omitted — the behavior is unsupported and could change in a future version. Calculator @ http://localhost:3002/_next/static/chunks/ec119_next_dist_26ca9c9c._.js:3127
[  463062ms] [ERROR] Encountered two children with the same key, `%s`. Keys should be unique so that components maintain their identity across updates. Non-unique keys may cause children to be duplicated and/or omitted — the behavior is unsupported and could change in a future version. Calculator @ http://localhost:3002/_next/static/chunks/ec119_next_dist_26ca9c9c._.js:3127
[  464280ms] [ERROR] Encountered two children with the same key, `%s`. Keys should be unique so that components maintain their identity across updates. Non-unique keys may cause children to be duplicated and/or omitted — the behavior is unsupported and could change in a future version. Calculator @ http://localhost:3002/_next/static/chunks/ec119_next_dist_26ca9c9c._.js:3127
[  465483ms] [ERROR] Encountered two children with the same key, `%s`. Keys should be unique so that components maintain their identity across updates. Non-unique keys may cause children to be duplicated and/or omitted — the behavior is unsupported and could change in a future version. Calculator @ http://localhost:3002/_next/static/chunks/ec119_next_dist_26ca9c9c._.js:3127
[  466740ms] [ERROR] Encountered two children with the same key, `%s`. Keys should be unique so that components maintain their identity across updates. Non-unique keys may cause children to be duplicated and/or omitted — the behavior is unsupported and could change in a future version. Calculator @ http://localhost:3002/_next/static/chunks/ec119_next_dist_26ca9c9c._.js:3127
[  467534ms] [ERROR] Encountered two children with the same key, `%s`. Keys should be unique so that components maintain their identity across updates. Non-unique keys may cause children to be duplicated and/or omitted — the behavior is unsupported and could change in a future version. Calculator @ http://localhost:3002/_next/static/chunks/ec119_next_dist_26ca9c9c._.js:3127
[  468700ms] [ERROR] Encountered two children with the same key, `%s`. Keys should be unique so that components maintain their identity across updates. Non-unique keys may cause children to be duplicated and/or omitted — the behavior is unsupported and could change in a future version. Calculator @ http://localhost:3002/_next/static/chunks/ec119_next_dist_26ca9c9c._.js:3127
[  472503ms] [ERROR] Encountered two children with the same key, `%s`. Keys should be unique so that components maintain their identity across updates. Non-unique keys may cause children to be duplicated and/or omitted — the behavior is unsupported and could change in a future version. Calculator @ http://localhost:3002/_next/static/chunks/ec119_next_dist_26ca9c9c._.js:3127
[  473680ms] [ERROR] Encountered two children with the same key, `%s`. Keys should be unique so that components maintain their identity across updates. Non-unique keys may cause children to be duplicated and/or omitted — the behavior is unsupported and could change in a future version. Calculator @ http://localhost:3002/_next/static/chunks/ec119_next_dist_26ca9c9c._.js:3127
[  474105ms] [ERROR] Encountered two children with the same key, `%s`. Keys should be unique so that components maintain their identity across updates. Non-unique keys may cause children to be duplicated and/or omitted — the behavior is unsupported and could change in a future version. Calculator @ http://localhost:3002/_next/static/chunks/ec119_next_dist_26ca9c9c._.js:3127
[  475302ms] [ERROR] Encountered two children with the same key, `%s`. Keys should be unique so that components maintain their identity across updates. Non-unique keys may cause children to be duplicated and/or omitted — the behavior is unsupported and could change in a future version. Calculator @ http://localhost:3002/_next/static/chunks/ec119_next_dist_26ca9c9c._.js:3127
[  475381ms] [ERROR] Encountered two children with the same key, `%s`. Keys should be unique so that components maintain their identity across updates. Non-unique keys may cause children to be duplicated and/or omitted — the behavior is unsupported and could change in a future version. Calculator @ http://localhost:3002/_next/static/chunks/ec119_next_dist_26ca9c9c._.js:3127
[  476114ms] [ERROR] Encountered two children with the same key, `%s`. Keys should be unique so that components maintain their identity across updates. Non-unique keys may cause children to be duplicated and/or omitted — the behavior is unsupported and could change in a future version. Calculator @ http://localhost:3002/_next/static/chunks/ec119_next_dist_26ca9c9c._.js:3127
[  477267ms] [ERROR] Encountered two children with the same key, `%s`. Keys should be unique so that components maintain their identity across updates. Non-unique keys may cause children to be duplicated and/or omitted — the behavior is unsupported and could change in a future version. Calculator @ http://localhost:3002/_next/static/chunks/ec119_next_dist_26ca9c9c._.js:3127
[  479815ms] [ERROR] Encountered two children with the same key, `%s`. Keys should be unique so that components maintain their identity across updates. Non-unique keys may cause children to be duplicated and/or omitted — the behavior is unsupported and could change in a future version. Calculator @ http://localhost:3002/_next/static/chunks/ec119_next_dist_26ca9c9c._.js:3127
[  480929ms] [ERROR] Encountered two children with the same key, `%s`. Keys should be unique so that components maintain their identity across updates. Non-unique keys may cause children to be duplicated and/or omitted — the behavior is unsupported and could change in a future version. Calculator @ http://localhost:3002/_next/static/chunks/ec119_next_dist_26ca9c9c._.js:3127
[  485101ms] [ERROR] Encountered two children with the same key, `%s`. Keys should be unique so that components maintain their identity across updates. Non-unique keys may cause children to be duplicated and/or omitted — the behavior is unsupported and could change in a future version. Calculator @ http://localhost:3002/_next/static/chunks/ec119_next_dist_26ca9c9c._.js:3127
[  486294ms] [ERROR] Encountered two children with the same key, `%s`. Keys should be unique so that components maintain their identity across updates. Non-unique keys may cause children to be duplicated and/or omitted — the behavior is unsupported and could change in a future version. Calculator @ http://localhost:3002/_next/static/chunks/ec119_next_dist_26ca9c9c._.js:3127
[  488167ms] [ERROR] Encountered two children with the same key, `%s`. Keys should be unique so that components maintain their identity across updates. Non-unique keys may cause children to be duplicated and/or omitted — the behavior is unsupported and could change in a future version. Calculator @ http://localhost:3002/_next/static/chunks/ec119_next_dist_26ca9c9c._.js:3127
[  489347ms] [ERROR] Encountered two children with the same key, `%s`. Keys should be unique so that components maintain their identity across updates. Non-unique keys may cause children to be duplicated and/or omitted — the behavior is unsupported and could change in a future version. Calculator @ http://localhost:3002/_next/static/chunks/ec119_next_dist_26ca9c9c._.js:3127
[  597363ms] [ERROR] Encountered two children with the same key, `%s`. Keys should be unique so that components maintain their identity across updates. Non-unique keys may cause children to be duplicated and/or omitted — the behavior is unsupported and could change in a future version. Calculator @ http://localhost:3002/_next/static/chunks/ec119_next_dist_26ca9c9c._.js:3127
[  598749ms] [ERROR] Encountered two children with the same key, `%s`. Keys should be unique so that components maintain their identity across updates. Non-unique keys may cause children to be duplicated and/or omitted — the behavior is unsupported and could change in a future version. Calculator @ http://localhost:3002/_next/static/chunks/ec119_next_dist_26ca9c9c._.js:3127
[  598913ms] [ERROR] Encountered two children with the same key, `%s`. Keys should be unique so that components maintain their identity across updates. Non-unique keys may cause children to be duplicated and/or omitted — the behavior is unsupported and could change in a future version. Calculator @ http://localhost:3002/_next/static/chunks/ec119_next_dist_26ca9c9c._.js:3127
[    1094ms] [ERROR] Access to font at 'http://localhost:3002/_next/static/media/83afe278b6a6bb3c-s.p.3a6ba036.woff2' from origin 'null' has been blocked by CORS policy: No 'Access-Control-Allow-Origin' header is present on the requested resource. @ http://localhost:3002/sandbox:0
[    1094ms] [ERROR] Failed to load resource: net::ERR_FAILED @ http://localhost:3002/_next/static/media/83afe278b6a6bb3c-s.p.3a6ba036.woff2:0
[    1094ms] [ERROR] Access to font at 'http://localhost:3002/_next/static/media/Kalice_Trial_Bold-s.p.0d951813.otf' from origin 'null' has been blocked by CORS policy: No 'Access-Control-Allow-Origin' header is present on the requested resource. @ http://localhost:3002/sandbox:0
[    1095ms] [ERROR] Failed to load resource: net::ERR_FAILED @ http://localhost:3002/_next/static/media/Kalice_Trial_Bold-s.p.0d951813.otf:0
[    1095ms] [ERROR] Access to font at 'http://localhost:3002/_next/static/media/Kalice_Trial_Regular-s.p.097de76f.otf' from origin 'null' has been blocked by CORS policy: No 'Access-Control-Allow-Origin' header is present on the requested resource. @ http://localhost:3002/sandbox:0
[    1095ms] [ERROR] Failed to load resource: net::ERR_FAILED @ http://localhost:3002/_next/static/media/Kalice_Trial_Regular-s.p.097de76f.otf:0
[    1095ms] [ERROR] Access to font at 'http://localhost:3002/_next/static/media/Kalice_Trial_Medium-s.p.e5dbb990.otf' from origin 'null' has been blocked by CORS policy: No 'Access-Control-Allow-Origin' header is present on the requested resource. @ http://localhost:3002/sandbox:0
[    1095ms] [ERROR] Failed to load resource: net::ERR_FAILED @ http://localhost:3002/_next/static/media/Kalice_Trial_Medium-s.p.e5dbb990.otf:0
[    1175ms] [ERROR] Access to font at 'http://localhost:3002/_next/static/media/83afe278b6a6bb3c-s.p.3a6ba036.woff2' from origin 'null' has been blocked by CORS policy: No 'Access-Control-Allow-Origin' header is present on the requested resource. @ http://localhost:3002/sandbox:0
[    1175ms] [ERROR] Failed to load resource: net::ERR_FAILED @ http://localhost:3002/_next/static/media/83afe278b6a6bb3c-s.p.3a6ba036.woff2:0
[    1182ms] [ERROR] Access to font at 'http://localhost:3002/_next/static/media/Kalice_Trial_Medium-s.p.e5dbb990.otf' from origin 'null' has been blocked by CORS policy: No 'Access-Control-Allow-Origin' header is present on the requested resource. @ http://localhost:3002/sandbox:0
[    1182ms] [ERROR] Failed to load resource: net::ERR_FAILED @ http://localhost:3002/_next/static/media/Kalice_Trial_Medium-s.p.e5dbb990.otf:0
[    1182ms] [ERROR] Access to font at 'http://localhost:3002/_next/static/media/Kalice_Trial_Bold-s.p.0d951813.otf' from origin 'null' has been blocked by CORS policy: No 'Access-Control-Allow-Origin' header is present on the requested resource. @ http://localhost:3002/sandbox:0
[    1182ms] [ERROR] Failed to load resource: net::ERR_FAILED @ http://localhost:3002/_next/static/media/Kalice_Trial_Bold-s.p.0d951813.otf:0
[    1184ms] [ERROR] Access to font at 'http://localhost:3002/_next/static/media/Kalice_Trial_Regular-s.p.097de76f.otf' from origin 'null' has been blocked by CORS policy: No 'Access-Control-Allow-Origin' header is present on the requested resource. @ http://localhost:3002/sandbox:0
[    1185ms] [ERROR] Failed to load resource: net::ERR_FAILED @ http://localhost:3002/_next/static/media/Kalice_Trial_Regular-s.p.097de76f.otf:0
[    4268ms] [WARNING] The resource http://localhost:3002/_next/static/media/Kalice_Trial_Bold-s.p.0d951813.otf was preloaded using link preload but not used within a few seconds from the window's load event. Please make sure it has an appropriate `as` value and it is preloaded intentionally. @ http://localhost:3002/sandbox:0
[    4268ms] [WARNING] The resource http://localhost:3002/_next/static/media/83afe278b6a6bb3c-s.p.3a6ba036.woff2 was preloaded using link preload but not used within a few seconds from the window's load event. Please make sure it has an appropriate `as` value and it is preloaded intentionally. @ http://localhost:3002/sandbox:0
[    4268ms] [WARNING] The resource http://localhost:3002/_next/static/media/Kalice_Trial_Medium-s.p.e5dbb990.otf was preloaded using link preload but not used within a few seconds from the window's load event. Please make sure it has an appropriate `as` value and it is preloaded intentionally. @ http://localhost:3002/sandbox:0
[    4268ms] [WARNING] The resource http://localhost:3002/_next/static/media/Kalice_Trial_Regular-s.p.097de76f.otf was preloaded using link preload but not used within a few seconds from the window's load event. Please make sure it has an appropriate `as` value and it is preloaded intentionally. @ http://localhost:3002/sandbox:0
[   26128ms] [ERROR] Access to font at 'http://localhost:3002/__nextjs_font/geist-latin.woff2' from origin 'null' has been blocked by CORS policy: No 'Access-Control-Allow-Origin' header is present on the requested resource. @ http://localhost:3002/sandbox:0
[   26128ms] [ERROR] Failed to load resource: net::ERR_FAILED @ http://localhost:3002/__nextjs_font/geist-latin.woff2:0
[   29130ms] [WARNING] The resource http://localhost:3002/_next/static/media/Kalice_Trial_Bold-s.p.0d951813.otf was preloaded using link preload but not used within a few seconds from the window's load event. Please make sure it has an appropriate `as` value and it is preloaded intentionally. @ http://localhost:3002/sandbox:0
[   29130ms] [WARNING] The resource http://localhost:3002/_next/static/media/83afe278b6a6bb3c-s.p.3a6ba036.woff2 was preloaded using link preload but not used within a few seconds from the window's load event. Please make sure it has an appropriate `as` value and it is preloaded intentionally. @ http://localhost:3002/sandbox:0
[   29130ms] [WARNING] The resource http://localhost:3002/_next/static/media/Kalice_Trial_Medium-s.p.e5dbb990.otf was preloaded using link preload but not used within a few seconds from the window's load event. Please make sure it has an appropriate `as` value and it is preloaded intentionally. @ http://localhost:3002/sandbox:0
[   29130ms] [WARNING] The resource http://localhost:3002/_next/static/media/Kalice_Trial_Regular-s.p.097de76f.otf was preloaded using link preload but not used within a few seconds from the window's load event. Please make sure it has an appropriate `as` value and it is preloaded intentionally. @ http://localhost:3002/sandbox:0
[  430132ms] [ERROR] Access to font at 'http://localhost:3002/_next/static/media/83afe278b6a6bb3c-s.p.3a6ba036.woff2' from origin 'null' has been blocked by CORS policy: No 'Access-Control-Allow-Origin' header is present on the requested resource. @ http://localhost:3002/sandbox:0
[  430132ms] [ERROR] Failed to load resource: net::ERR_FAILED @ http://localhost:3002/_next/static/media/83afe278b6a6bb3c-s.p.3a6ba036.woff2:0
[  430132ms] [ERROR] Access to font at 'http://localhost:3002/_next/static/media/Kalice_Trial_Bold-s.p.0d951813.otf' from origin 'null' has been blocked by CORS policy: No 'Access-Control-Allow-Origin' header is present on the requested resource. @ http://localhost:3002/sandbox:0
[  430132ms] [ERROR] Failed to load resource: net::ERR_FAILED @ http://localhost:3002/_next/static/media/Kalice_Trial_Bold-s.p.0d951813.otf:0
[  430132ms] [ERROR] Access to font at 'http://localhost:3002/_next/static/media/Kalice_Trial_Medium-s.p.e5dbb990.otf' from origin 'null' has been blocked by CORS policy: No 'Access-Control-Allow-Origin' header is present on the requested resource. @ http://localhost:3002/sandbox:0
[  430132ms] [ERROR] Failed to load resource: net::ERR_FAILED @ http://localhost:3002/_next/static/media/Kalice_Trial_Medium-s.p.e5dbb990.otf:0
[  430132ms] [ERROR] Access to font at 'http://localhost:3002/_next/static/media/Kalice_Trial_Regular-s.p.097de76f.otf' from origin 'null' has been blocked by CORS policy: No 'Access-Control-Allow-Origin' header is present on the requested resource. @ http://localhost:3002/sandbox:0
[  430132ms] [ERROR] Failed to load resource: net::ERR_FAILED @ http://localhost:3002/_next/static/media/Kalice_Trial_Regular-s.p.097de76f.otf:0
[  430320ms] [ERROR] Access to font at 'http://localhost:3002/_next/static/media/83afe278b6a6bb3c-s.p.3a6ba036.woff2' from origin 'null' has been blocked by CORS policy: No 'Access-Control-Allow-Origin' header is present on the requested resource. @ http://localhost:3002/sandbox:0
[  430320ms] [ERROR] Failed to load resource: net::ERR_FAILED @ http://localhost:3002/_next/static/media/83afe278b6a6bb3c-s.p.3a6ba036.woff2:0
[  430323ms] [ERROR] Access to font at 'http://localhost:3002/_next/static/media/Kalice_Trial_Medium-s.p.e5dbb990.otf' from origin 'null' has been blocked by CORS policy: No 'Access-Control-Allow-Origin' header is present on the requested resource. @ http://localhost:3002/sandbox:0
[  430323ms] [ERROR] Failed to load resource: net::ERR_FAILED @ http://localhost:3002/_next/static/media/Kalice_Trial_Medium-s.p.e5dbb990.otf:0
[  430324ms] [ERROR] Access to font at 'http://localhost:3002/_next/static/media/Kalice_Trial_Bold-s.p.0d951813.otf' from origin 'null' has been blocked by CORS policy: No 'Access-Control-Allow-Origin' header is present on the requested resource. @ http://localhost:3002/sandbox:0
[  430324ms] [ERROR] Failed to load resource: net::ERR_FAILED @ http://localhost:3002/_next/static/media/Kalice_Trial_Bold-s.p.0d951813.otf:0
[  430325ms] [ERROR] Access to font at 'http://localhost:3002/_next/static/media/Kalice_Trial_Regular-s.p.097de76f.otf' from origin 'null' has been blocked by CORS policy: No 'Access-Control-Allow-Origin' header is present on the requested resource. @ http://localhost:3002/sandbox:0
[  430325ms] [ERROR] Failed to load resource: net::ERR_FAILED @ http://localhost:3002/_next/static/media/Kalice_Trial_Regular-s.p.097de76f.otf:0
[  433449ms] [WARNING] The resource http://localhost:3002/_next/static/media/Kalice_Trial_Bold-s.p.0d951813.otf was preloaded using link preload but not used within a few seconds from the window's load event. Please make sure it has an appropriate `as` value and it is preloaded intentionally. @ http://localhost:3002/sandbox:0
[  433450ms] [WARNING] The resource http://localhost:3002/_next/static/media/83afe278b6a6bb3c-s.p.3a6ba036.woff2 was preloaded using link preload but not used within a few seconds from the window's load event. Please make sure it has an appropriate `as` value and it is preloaded intentionally. @ http://localhost:3002/sandbox:0
[  433450ms] [WARNING] The resource http://localhost:3002/_next/static/media/Kalice_Trial_Medium-s.p.e5dbb990.otf was preloaded using link preload but not used within a few seconds from the window's load event. Please make sure it has an appropriate `as` value and it is preloaded intentionally. @ http://localhost:3002/sandbox:0
[  433450ms] [WARNING] The resource http://localhost:3002/_next/static/media/Kalice_Trial_Regular-s.p.097de76f.otf was preloaded using link preload but not used within a few seconds from the window's load event. Please make sure it has an appropriate `as` value and it is preloaded intentionally. @ http://localhost:3002/sandbox:0
[  599059ms] [ERROR] Access to font at 'http://localhost:3002/_next/static/media/83afe278b6a6bb3c-s.p.3a6ba036.woff2' from origin 'null' has been blocked by CORS policy: No 'Access-Control-Allow-Origin' header is present on the requested resource. @ http://localhost:3002/sandbox:0
[  599059ms] [ERROR] Failed to load resource: net::ERR_FAILED @ http://localhost:3002/_next/static/media/83afe278b6a6bb3c-s.p.3a6ba036.woff2:0
[  599061ms] [ERROR] Access to font at 'http://localhost:3002/_next/static/media/Kalice_Trial_Bold-s.p.0d951813.otf' from origin 'null' has been blocked by CORS policy: No 'Access-Control-Allow-Origin' header is present on the requested resource. @ http://localhost:3002/sandbox:0
[  599061ms] [ERROR] Failed to load resource: net::ERR_FAILED @ http://localhost:3002/_next/static/media/Kalice_Trial_Bold-s.p.0d951813.otf:0
[  599064ms] [ERROR] Access to font at 'http://localhost:3002/_next/static/media/Kalice_Trial_Medium-s.p.e5dbb990.otf' from origin 'null' has been blocked by CORS policy: No 'Access-Control-Allow-Origin' header is present on the requested resource. @ http://localhost:3002/sandbox:0
[  599064ms] [ERROR] Failed to load resource: net::ERR_FAILED @ http://localhost:3002/_next/static/media/Kalice_Trial_Medium-s.p.e5dbb990.otf:0
[  599064ms] [ERROR] Access to font at 'http://localhost:3002/_next/static/media/Kalice_Trial_Regular-s.p.097de76f.otf' from origin 'null' has been blocked by CORS policy: No 'Access-Control-Allow-Origin' header is present on the requested resource. @ http://localhost:3002/sandbox:0
[  599064ms] [ERROR] Failed to load resource: net::ERR_FAILED @ http://localhost:3002/_next/static/media/Kalice_Trial_Regular-s.p.097de76f.otf:0
[  599086ms] SecurityError: Failed to read the 'localStorage' property from 'Window': The document is sandboxed and lacks the 'allow-same-origin' flag.
    at http://localhost:3002/sandbox:1:3270
[  599140ms] [ERROR] Encountered two children with the same key, `%s`. Keys should be unique so that components maintain their identity across updates. Non-unique keys may cause children to be duplicated and/or omitted — the behavior is unsupported and could change in a future version. Calculator @ http://localhost:3002/_next/static/chunks/ec119_next_dist_26ca9c9c._.js:3127
[  599237ms] [ERROR] Access to font at 'http://localhost:3002/_next/static/media/83afe278b6a6bb3c-s.p.3a6ba036.woff2' from origin 'null' has been blocked by CORS policy: No 'Access-Control-Allow-Origin' header is present on the requested resource. @ http://localhost:3002/sandbox:0
[  599237ms] [ERROR] Failed to load resource: net::ERR_FAILED @ http://localhost:3002/_next/static/media/83afe278b6a6bb3c-s.p.3a6ba036.woff2:0
[  599249ms] [ERROR] Access to font at 'http://localhost:3002/_next/static/media/Kalice_Trial_Bold-s.p.0d951813.otf' from origin 'null' has been blocked by CORS policy: No 'Access-Control-Allow-Origin' header is present on the requested resource. @ http://localhost:3002/sandbox:0
[  599249ms] [ERROR] Failed to load resource: net::ERR_FAILED @ http://localhost:3002/_next/static/media/Kalice_Trial_Bold-s.p.0d951813.otf:0
[  599252ms] [ERROR] Access to font at 'http://localhost:3002/_next/static/media/Kalice_Trial_Medium-s.p.e5dbb990.otf' from origin 'null' has been blocked by CORS policy: No 'Access-Control-Allow-Origin' header is present on the requested resource. @ http://localhost:3002/sandbox:0
[  599252ms] [ERROR] Failed to load resource: net::ERR_FAILED @ http://localhost:3002/_next/static/media/Kalice_Trial_Medium-s.p.e5dbb990.otf:0
[  599255ms] [ERROR] Access to font at 'http://localhost:3002/_next/static/media/Kalice_Trial_Regular-s.p.097de76f.otf' from origin 'null' has been blocked by CORS policy: No 'Access-Control-Allow-Origin' header is present on the requested resource. @ http://localhost:3002/sandbox:0
[  599255ms] [ERROR] Failed to load resource: net::ERR_FAILED @ http://localhost:3002/_next/static/media/Kalice_Trial_Regular-s.p.097de76f.otf:0
[  601913ms] [ERROR] Encountered two children with the same key, `%s`. Keys should be unique so that components maintain their identity across updates. Non-unique keys may cause children to be duplicated and/or omitted — the behavior is unsupported and could change in a future version. Calculator @ http://localhost:3002/_next/static/chunks/ec119_next_dist_26ca9c9c._.js:3127
[  602199ms] [ERROR] Encountered two children with the same key, `%s`. Keys should be unique so that components maintain their identity across updates. Non-unique keys may cause children to be duplicated and/or omitted — the behavior is unsupported and could change in a future version. Calculator @ http://localhost:3002/_next/static/chunks/ec119_next_dist_26ca9c9c._.js:3127
[  602334ms] [WARNING] The resource http://localhost:3002/_next/static/media/Kalice_Trial_Bold-s.p.0d951813.otf was preloaded using link preload but not used within a few seconds from the window's load event. Please make sure it has an appropriate `as` value and it is preloaded intentionally. @ http://localhost:3002/sandbox:0
[  602334ms] [WARNING] The resource http://localhost:3002/_next/static/media/83afe278b6a6bb3c-s.p.3a6ba036.woff2 was preloaded using link preload but not used within a few seconds from the window's load event. Please make sure it has an appropriate `as` value and it is preloaded intentionally. @ http://localhost:3002/sandbox:0
[  602334ms] [WARNING] The resource http://localhost:3002/_next/static/media/Kalice_Trial_Medium-s.p.e5dbb990.otf was preloaded using link preload but not used within a few seconds from the window's load event. Please make sure it has an appropriate `as` value and it is preloaded intentionally. @ http://localhost:3002/sandbox:0
[  602334ms] [WARNING] The resource http://localhost:3002/_next/static/media/Kalice_Trial_Regular-s.p.097de76f.otf was preloaded using link preload but not used within a few seconds from the window's load event. Please make sure it has an appropriate `as` value and it is preloaded intentionally. @ http://localhost:3002/sandbox:0
[  603245ms] [ERROR] Encountered two children with the same key, `%s`. Keys should be unique so that components maintain their identity across updates. Non-unique keys may cause children to be duplicated and/or omitted — the behavior is unsupported and could change in a future version. Calculator @ http://localhost:3002/_next/static/chunks/ec119_next_dist_26ca9c9c._.js:3127
[  604405ms] [ERROR] Encountered two children with the same key, `%s`. Keys should be unique so that components maintain their identity across updates. Non-unique keys may cause children to be duplicated and/or omitted — the behavior is unsupported and could change in a future version. Calculator @ http://localhost:3002/_next/static/chunks/ec119_next_dist_26ca9c9c._.js:3127
[  605546ms] [ERROR] Encountered two children with the same key, `%s`. Keys should be unique so that components maintain their identity across updates. Non-unique keys may cause children to be duplicated and/or omitted — the behavior is unsupported and could change in a future version. Calculator @ http://localhost:3002/_next/static/chunks/ec119_next_dist_26ca9c9c._.js:3127
[  606736ms] [ERROR] Encountered two children with the same key, `%s`. Keys should be unique so that components maintain their identity across updates. Non-unique keys may cause children to be duplicated and/or omitted — the behavior is unsupported and could change in a future version. Calculator @ http://localhost:3002/_next/static/chunks/ec119_next_dist_26ca9c9c._.js:3127
[  607063ms] [ERROR] Encountered two children with the same key, `%s`. Keys should be unique so that components maintain their identity across updates. Non-unique keys may cause children to be duplicated and/or omitted — the behavior is unsupported and could change in a future version. Calculator @ http://localhost:3002/_next/static/chunks/ec119_next_dist_26ca9c9c._.js:3127
[  608224ms] [ERROR] Encountered two children with the same key, `%s`. Keys should be unique so that components maintain their identity across updates. Non-unique keys may cause children to be duplicated and/or omitted — the behavior is unsupported and could change in a future version. Calculator @ http://localhost:3002/_next/static/chunks/ec119_next_dist_26ca9c9c._.js:3127
[  619183ms] [ERROR] Encountered two children with the same key, `%s`. Keys should be unique so that components maintain their identity across updates. Non-unique keys may cause children to be duplicated and/or omitted — the behavior is unsupported and could change in a future version. Calculator @ http://localhost:3002/_next/static/chunks/ec119_next_dist_26ca9c9c._.js:3127
[  619395ms] [ERROR] Encountered two children with the same key, `%s`. Keys should be unique so that components maintain their identity across updates. Non-unique keys may cause children to be duplicated and/or omitted — the behavior is unsupported and could change in a future version. Calculator @ http://localhost:3002/_next/static/chunks/ec119_next_dist_26ca9c9c._.js:3127
[  656330ms] [ERROR] Access to font at 'http://localhost:3002/__nextjs_font/geist-latin.woff2' from origin 'null' has been blocked by CORS policy: No 'Access-Control-Allow-Origin' header is present on the requested resource. @ http://localhost:3002/sandbox:0
[  656330ms] [ERROR] Failed to load resource: net::ERR_FAILED @ http://localhost:3002/__nextjs_font/geist-latin.woff2:0
[  656680ms] Uncaught ReferenceError: TAILWIND_SAFELIST is not defined
    at SandboxPage (http://localhost:3002/_next/static/chunks/_worktrees_spike-iframe-sandbox_36b93e74._.js?id=%255Bproject%255D%252F.worktrees%252Fspike-iframe-sandbox%252Fapp%252Fsandbox%252Fpage.tsx+%255Bapp-client%255D+%2528ecmascript%2529:458:27)
    at react_stack_bottom_frame (http://localhost:3002/_next/static/chunks/ec119_next_dist_compiled_react-dom_78cdfa6d._.js:14825:23)
    at renderWithHooks (http://localhost:3002/_next/static/chunks/ec119_next_dist_compiled_react-dom_78cdfa6d._.js:4650:23)
    at updateFunctionComponent (http://localhost:3002/_next/static/chunks/ec119_next_dist_compiled_react-dom_78cdfa6d._.js:6111:20)
    at beginWork (http://localhost:3002/_next/static/chunks/ec119_next_dist_compiled_react-dom_78cdfa6d._.js:6707:23)
    at runWithFiberInDEV (http://localhost:3002/_next/static/chunks/ec119_next_dist_compiled_react-dom_78cdfa6d._.js:964:73)
    at performUnitOfWork (http://localhost:3002/_next/static/chunks/ec119_next_dist_compiled_react-dom_78cdfa6d._.js:9561:96)
    at workLoopSync (http://localhost:3002/_next/static/chunks/ec119_next_dist_compiled_react-dom_78cdfa6d._.js:9455:39)
    at renderRootSync (http://localhost:3002/_next/static/chunks/ec119_next_dist_compiled_react-dom_78cdfa6d._.js:9439:12)
    at performWorkOnRoot (http://localhost:3002/_next/static/chunks/ec119_next_dist_compiled_react-dom_78cdfa6d._.js:9104:46)
    at performSyncWorkOnRoot (http://localhost:3002/_next/static/chunks/ec119_next_dist_compiled_react-dom_78cdfa6d._.js:10237:8)
    at flushSyncWorkAcrossRoots_impl (http://localhost:3002/_next/static/chunks/ec119_next_dist_compiled_react-dom_78cdfa6d._.js:10153:315)
    at flushSyncWork$1 (http://localhost:3002/_next/static/chunks/ec119_next_dist_compiled_react-dom_78cdfa6d._.js:9236:85)
    at scheduleRefresh (http://localhost:3002/_next/static/chunks/ec119_next_dist_compiled_react-dom_78cdfa6d._.js:298:12)
    at <anonymous> (http://localhost:3002/_next/static/chunks/ec119_next_dist_compiled_f0ff26e6._.js:390:32)
    at performReactRefresh (http://localhost:3002/_next/static/chunks/ec119_next_dist_compiled_f0ff26e6._.js:383:37)
    at applyUpdate (http://localhost:3002/_next/static/chunks/ec119_next_dist_compiled_f0ff26e6._.js:877:30)
    at <anonymous> (http://localhost:3002/_next/static/chunks/ec119_next_dist_compiled_f0ff26e6._.js:885:12)
[  659332ms] [WARNING] The resource http://localhost:3002/_next/static/media/Kalice_Trial_Bold-s.p.0d951813.otf was preloaded using link preload but not used within a few seconds from the window's load event. Please make sure it has an appropriate `as` value and it is preloaded intentionally. @ http://localhost:3002/sandbox:0
[  659332ms] [WARNING] The resource http://localhost:3002/_next/static/media/83afe278b6a6bb3c-s.p.3a6ba036.woff2 was preloaded using link preload but not used within a few seconds from the window's load event. Please make sure it has an appropriate `as` value and it is preloaded intentionally. @ http://localhost:3002/sandbox:0
[  659332ms] [WARNING] The resource http://localhost:3002/_next/static/media/Kalice_Trial_Medium-s.p.e5dbb990.otf was preloaded using link preload but not used within a few seconds from the window's load event. Please make sure it has an appropriate `as` value and it is preloaded intentionally. @ http://localhost:3002/sandbox:0
[  659332ms] [WARNING] The resource http://localhost:3002/_next/static/media/Kalice_Trial_Regular-s.p.097de76f.otf was preloaded using link preload but not used within a few seconds from the window's load event. Please make sure it has an appropriate `as` value and it is preloaded intentionally. @ http://localhost:3002/sandbox:0
[  688586ms] [WARNING] [Fast Refresh] performing full reload because your application had an unrecoverable error @ http://localhost:3002/_next/static/chunks/ec119_next_dist_26ca9c9c._.js:2297
[  689214ms] [ERROR] Access to font at 'http://localhost:3002/_next/static/media/83afe278b6a6bb3c-s.p.3a6ba036.woff2' from origin 'null' has been blocked by CORS policy: No 'Access-Control-Allow-Origin' header is present on the requested resource. @ http://localhost:3002/sandbox:0
[  689214ms] [ERROR] Failed to load resource: net::ERR_FAILED @ http://localhost:3002/_next/static/media/83afe278b6a6bb3c-s.p.3a6ba036.woff2:0
[  689215ms] [ERROR] Access to font at 'http://localhost:3002/_next/static/media/Kalice_Trial_Bold-s.p.0d951813.otf' from origin 'null' has been blocked by CORS policy: No 'Access-Control-Allow-Origin' header is present on the requested resource. @ http://localhost:3002/sandbox:0
[  689215ms] [ERROR] Failed to load resource: net::ERR_FAILED @ http://localhost:3002/_next/static/media/Kalice_Trial_Bold-s.p.0d951813.otf:0
[  689216ms] [ERROR] Access to font at 'http://localhost:3002/_next/static/media/Kalice_Trial_Regular-s.p.097de76f.otf' from origin 'null' has been blocked by CORS policy: No 'Access-Control-Allow-Origin' header is present on the requested resource. @ http://localhost:3002/sandbox:0
[  689216ms] [ERROR] Failed to load resource: net::ERR_FAILED @ http://localhost:3002/_next/static/media/Kalice_Trial_Regular-s.p.097de76f.otf:0
[  689216ms] [ERROR] Access to font at 'http://localhost:3002/_next/static/media/Kalice_Trial_Medium-s.p.e5dbb990.otf' from origin 'null' has been blocked by CORS policy: No 'Access-Control-Allow-Origin' header is present on the requested resource. @ http://localhost:3002/sandbox:0
[  689216ms] [ERROR] Failed to load resource: net::ERR_FAILED @ http://localhost:3002/_next/static/media/Kalice_Trial_Medium-s.p.e5dbb990.otf:0
[  689339ms] SecurityError: Failed to read the 'localStorage' property from 'Window': The document is sandboxed and lacks the 'allow-same-origin' flag.
    at http://localhost:3002/sandbox:1:3270
[  689367ms] [ERROR] Access to font at 'http://localhost:3002/_next/static/media/83afe278b6a6bb3c-s.p.3a6ba036.woff2' from origin 'null' has been blocked by CORS policy: No 'Access-Control-Allow-Origin' header is present on the requested resource. @ http://localhost:3002/sandbox:0
[  689367ms] [ERROR] Failed to load resource: net::ERR_FAILED @ http://localhost:3002/_next/static/media/83afe278b6a6bb3c-s.p.3a6ba036.woff2:0
[  689374ms] [ERROR] Access to font at 'http://localhost:3002/_next/static/media/Kalice_Trial_Bold-s.p.0d951813.otf' from origin 'null' has been blocked by CORS policy: No 'Access-Control-Allow-Origin' header is present on the requested resource. @ http://localhost:3002/sandbox:0
[  689374ms] [ERROR] Failed to load resource: net::ERR_FAILED @ http://localhost:3002/_next/static/media/Kalice_Trial_Bold-s.p.0d951813.otf:0
[  689376ms] [ERROR] Access to font at 'http://localhost:3002/_next/static/media/Kalice_Trial_Medium-s.p.e5dbb990.otf' from origin 'null' has been blocked by CORS policy: No 'Access-Control-Allow-Origin' header is present on the requested resource. @ http://localhost:3002/sandbox:0
[  689376ms] [ERROR] Failed to load resource: net::ERR_FAILED @ http://localhost:3002/_next/static/media/Kalice_Trial_Medium-s.p.e5dbb990.otf:0
[  689376ms] [ERROR] Access to font at 'http://localhost:3002/_next/static/media/Kalice_Trial_Regular-s.p.097de76f.otf' from origin 'null' has been blocked by CORS policy: No 'Access-Control-Allow-Origin' header is present on the requested resource. @ http://localhost:3002/sandbox:0
[  689376ms] [ERROR] Failed to load resource: net::ERR_FAILED @ http://localhost:3002/_next/static/media/Kalice_Trial_Regular-s.p.097de76f.otf:0
[  692452ms] [WARNING] The resource http://localhost:3002/_next/static/media/Kalice_Trial_Bold-s.p.0d951813.otf was preloaded using link preload but not used within a few seconds from the window's load event. Please make sure it has an appropriate `as` value and it is preloaded intentionally. @ http://localhost:3002/sandbox:0
[  692452ms] [WARNING] The resource http://localhost:3002/_next/static/media/83afe278b6a6bb3c-s.p.3a6ba036.woff2 was preloaded using link preload but not used within a few seconds from the window's load event. Please make sure it has an appropriate `as` value and it is preloaded intentionally. @ http://localhost:3002/sandbox:0
[  692452ms] [WARNING] The resource http://localhost:3002/_next/static/media/Kalice_Trial_Medium-s.p.e5dbb990.otf was preloaded using link preload but not used within a few seconds from the window's load event. Please make sure it has an appropriate `as` value and it is preloaded intentionally. @ http://localhost:3002/sandbox:0
[  692452ms] [WARNING] The resource http://localhost:3002/_next/static/media/Kalice_Trial_Regular-s.p.097de76f.otf was preloaded using link preload but not used within a few seconds from the window's load event. Please make sure it has an appropriate `as` value and it is preloaded intentionally. @ http://localhost:3002/sandbox:0
[  694330ms] [ERROR] Encountered two children with the same key, `%s`. Keys should be unique so that components maintain their identity across updates. Non-unique keys may cause children to be duplicated and/or omitted — the behavior is unsupported and could change in a future version. Calculator @ http://localhost:3002/_next/static/chunks/ec119_next_dist_26ca9c9c._.js:3127
[  695503ms] [ERROR] Encountered two children with the same key, `%s`. Keys should be unique so that components maintain their identity across updates. Non-unique keys may cause children to be duplicated and/or omitted — the behavior is unsupported and could change in a future version. Calculator @ http://localhost:3002/_next/static/chunks/ec119_next_dist_26ca9c9c._.js:3127
[  696546ms] [ERROR] Encountered two children with the same key, `%s`. Keys should be unique so that components maintain their identity across updates. Non-unique keys may cause children to be duplicated and/or omitted — the behavior is unsupported and could change in a future version. Calculator @ http://localhost:3002/_next/static/chunks/ec119_next_dist_26ca9c9c._.js:3127
[  697715ms] [ERROR] Encountered two children with the same key, `%s`. Keys should be unique so that components maintain their identity across updates. Non-unique keys may cause children to be duplicated and/or omitted — the behavior is unsupported and could change in a future version. Calculator @ http://localhost:3002/_next/static/chunks/ec119_next_dist_26ca9c9c._.js:3127
[  704422ms] [ERROR] Encountered two children with the same key, `%s`. Keys should be unique so that components maintain their identity across updates. Non-unique keys may cause children to be duplicated and/or omitted — the behavior is unsupported and could change in a future version. Calculator @ http://localhost:3002/_next/static/chunks/ec119_next_dist_26ca9c9c._.js:3127
[  705452ms] [ERROR] Encountered two children with the same key, `%s`. Keys should be unique so that components maintain their identity across updates. Non-unique keys may cause children to be duplicated and/or omitted — the behavior is unsupported and could change in a future version. Calculator @ http://localhost:3002/_next/static/chunks/ec119_next_dist_26ca9c9c._.js:3127
[  705640ms] [ERROR] Encountered two children with the same key, `%s`. Keys should be unique so that components maintain their identity across updates. Non-unique keys may cause children to be duplicated and/or omitted — the behavior is unsupported and could change in a future version. Calculator @ http://localhost:3002/_next/static/chunks/ec119_next_dist_26ca9c9c._.js:3127
[  705658ms] [ERROR] Encountered two children with the same key, `%s`. Keys should be unique so that components maintain their identity across updates. Non-unique keys may cause children to be duplicated and/or omitted — the behavior is unsupported and could change in a future version. Calculator @ http://localhost:3002/_next/static/chunks/ec119_next_dist_26ca9c9c._.js:3127
[  706998ms] [ERROR] Encountered two children with the same key, `%s`. Keys should be unique so that components maintain their identity across updates. Non-unique keys may cause children to be duplicated and/or omitted — the behavior is unsupported and could change in a future version. Calculator @ http://localhost:3002/_next/static/chunks/ec119_next_dist_26ca9c9c._.js:3127
[  707384ms] [ERROR] Encountered two children with the same key, `%s`. Keys should be unique so that components maintain their identity across updates. Non-unique keys may cause children to be duplicated and/or omitted — the behavior is unsupported and could change in a future version. Calculator @ http://localhost:3002/_next/static/chunks/ec119_next_dist_26ca9c9c._.js:3127
[  707922ms] [ERROR] Encountered two children with the same key, `%s`. Keys should be unique so that components maintain their identity across updates. Non-unique keys may cause children to be duplicated and/or omitted — the behavior is unsupported and could change in a future version. Calculator @ http://localhost:3002/_next/static/chunks/ec119_next_dist_26ca9c9c._.js:3127
[  708806ms] [ERROR] Encountered two children with the same key, `%s`. Keys should be unique so that components maintain their identity across updates. Non-unique keys may cause children to be duplicated and/or omitted — the behavior is unsupported and could change in a future version. Calculator @ http://localhost:3002/_next/static/chunks/ec119_next_dist_26ca9c9c._.js:3127
[  710059ms] [ERROR] Encountered two children with the same key, `%s`. Keys should be unique so that components maintain their identity across updates. Non-unique keys may cause children to be duplicated and/or omitted — the behavior is unsupported and could change in a future version. Calculator @ http://localhost:3002/_next/static/chunks/ec119_next_dist_26ca9c9c._.js:3127
[  711190ms] [ERROR] Encountered two children with the same key, `%s`. Keys should be unique so that components maintain their identity across updates. Non-unique keys may cause children to be duplicated and/or omitted — the behavior is unsupported and could change in a future version. Calculator @ http://localhost:3002/_next/static/chunks/ec119_next_dist_26ca9c9c._.js:3127
[  711367ms] [ERROR] Encountered two children with the same key, `%s`. Keys should be unique so that components maintain their identity across updates. Non-unique keys may cause children to be duplicated and/or omitted — the behavior is unsupported and could change in a future version. Calculator @ http://localhost:3002/_next/static/chunks/ec119_next_dist_26ca9c9c._.js:3127
[  711556ms] [ERROR] Encountered two children with the same key, `%s`. Keys should be unique so that components maintain their identity across updates. Non-unique keys may cause children to be duplicated and/or omitted — the behavior is unsupported and could change in a future version. Calculator @ http://localhost:3002/_next/static/chunks/ec119_next_dist_26ca9c9c._.js:3127
[  711721ms] [ERROR] Encountered two children with the same key, `%s`. Keys should be unique so that components maintain their identity across updates. Non-unique keys may cause children to be duplicated and/or omitted — the behavior is unsupported and could change in a future version. Calculator @ http://localhost:3002/_next/static/chunks/ec119_next_dist_26ca9c9c._.js:3127
[  712270ms] [ERROR] Encountered two children with the same key, `%s`. Keys should be unique so that components maintain their identity across updates. Non-unique keys may cause children to be duplicated and/or omitted — the behavior is unsupported and could change in a future version. Calculator @ http://localhost:3002/_next/static/chunks/ec119_next_dist_26ca9c9c._.js:3127
[  712644ms] [ERROR] Encountered two children with the same key, `%s`. Keys should be unique so that components maintain their identity across updates. Non-unique keys may cause children to be duplicated and/or omitted — the behavior is unsupported and could change in a future version. Calculator @ http://localhost:3002/_next/static/chunks/ec119_next_dist_26ca9c9c._.js:3127
[  713072ms] [ERROR] Encountered two children with the same key, `%s`. Keys should be unique so that components maintain their identity across updates. Non-unique keys may cause children to be duplicated and/or omitted — the behavior is unsupported and could change in a future version. Calculator @ http://localhost:3002/_next/static/chunks/ec119_next_dist_26ca9c9c._.js:3127
[  714436ms] [ERROR] Encountered two children with the same key, `%s`. Keys should be unique so that components maintain their identity across updates. Non-unique keys may cause children to be duplicated and/or omitted — the behavior is unsupported and could change in a future version. Calculator @ http://localhost:3002/_next/static/chunks/ec119_next_dist_26ca9c9c._.js:3127
[  714467ms] [ERROR] Encountered two children with the same key, `%s`. Keys should be unique so that components maintain their identity across updates. Non-unique keys may cause children to be duplicated and/or omitted — the behavior is unsupported and could change in a future version. Calculator @ http://localhost:3002/_next/static/chunks/ec119_next_dist_26ca9c9c._.js:3127
[  715239ms] [ERROR] Encountered two children with the same key, `%s`. Keys should be unique so that components maintain their identity across updates. Non-unique keys may cause children to be duplicated and/or omitted — the behavior is unsupported and could change in a future version. Calculator @ http://localhost:3002/_next/static/chunks/ec119_next_dist_26ca9c9c._.js:3127
[  715448ms] [ERROR] Encountered two children with the same key, `%s`. Keys should be unique so that components maintain their identity across updates. Non-unique keys may cause children to be duplicated and/or omitted — the behavior is unsupported and could change in a future version. Calculator @ http://localhost:3002/_next/static/chunks/ec119_next_dist_26ca9c9c._.js:3127
[  716803ms] [ERROR] Encountered two children with the same key, `%s`. Keys should be unique so that components maintain their identity across updates. Non-unique keys may cause children to be duplicated and/or omitted — the behavior is unsupported and could change in a future version. Calculator @ http://localhost:3002/_next/static/chunks/ec119_next_dist_26ca9c9c._.js:3127
[  716948ms] [ERROR] Encountered two children with the same key, `%s`. Keys should be unique so that components maintain their identity across updates. Non-unique keys may cause children to be duplicated and/or omitted — the behavior is unsupported and could change in a future version. Calculator @ http://localhost:3002/_next/static/chunks/ec119_next_dist_26ca9c9c._.js:3127
[  718206ms] [ERROR] Encountered two children with the same key, `%s`. Keys should be unique so that components maintain their identity across updates. Non-unique keys may cause children to be duplicated and/or omitted — the behavior is unsupported and could change in a future version. Calculator @ http://localhost:3002/_next/static/chunks/ec119_next_dist_26ca9c9c._.js:3127
[  718288ms] [ERROR] Encountered two children with the same key, `%s`. Keys should be unique so that components maintain their identity across updates. Non-unique keys may cause children to be duplicated and/or omitted — the behavior is unsupported and could change in a future version. Calculator @ http://localhost:3002/_next/static/chunks/ec119_next_dist_26ca9c9c._.js:3127
[  719544ms] [ERROR] Encountered two children with the same key, `%s`. Keys should be unique so that components maintain their identity across updates. Non-unique keys may cause children to be duplicated and/or omitted — the behavior is unsupported and could change in a future version. Calculator @ http://localhost:3002/_next/static/chunks/ec119_next_dist_26ca9c9c._.js:3127
[  719581ms] [ERROR] Encountered two children with the same key, `%s`. Keys should be unique so that components maintain their identity across updates. Non-unique keys may cause children to be duplicated and/or omitted — the behavior is unsupported and could change in a future version. Calculator @ http://localhost:3002/_next/static/chunks/ec119_next_dist_26ca9c9c._.js:3127
[  720917ms] [ERROR] Encountered two children with the same key, `%s`. Keys should be unique so that components maintain their identity across updates. Non-unique keys may cause children to be duplicated and/or omitted — the behavior is unsupported and could change in a future version. Calculator @ http://localhost:3002/_next/static/chunks/ec119_next_dist_26ca9c9c._.js:3127
[  721239ms] [ERROR] Encountered two children with the same key, `%s`. Keys should be unique so that components maintain their identity across updates. Non-unique keys may cause children to be duplicated and/or omitted — the behavior is unsupported and could change in a future version. Calculator @ http://localhost:3002/_next/static/chunks/ec119_next_dist_26ca9c9c._.js:3127
[  722189ms] [ERROR] Encountered two children with the same key, `%s`. Keys should be unique so that components maintain their identity across updates. Non-unique keys may cause children to be duplicated and/or omitted — the behavior is unsupported and could change in a future version. Calculator @ http://localhost:3002/_next/static/chunks/ec119_next_dist_26ca9c9c._.js:3127
[  722954ms] [ERROR] Encountered two children with the same key, `%s`. Keys should be unique so that components maintain their identity across updates. Non-unique keys may cause children to be duplicated and/or omitted — the behavior is unsupported and could change in a future version. Calculator @ http://localhost:3002/_next/static/chunks/ec119_next_dist_26ca9c9c._.js:3127
[  723789ms] [ERROR] Encountered two children with the same key, `%s`. Keys should be unique so that components maintain their identity across updates. Non-unique keys may cause children to be duplicated and/or omitted — the behavior is unsupported and could change in a future version. Calculator @ http://localhost:3002/_next/static/chunks/ec119_next_dist_26ca9c9c._.js:3127
[  724573ms] [ERROR] Encountered two children with the same key, `%s`. Keys should be unique so that components maintain their identity across updates. Non-unique keys may cause children to be duplicated and/or omitted — the behavior is unsupported and could change in a future version. Calculator @ http://localhost:3002/_next/static/chunks/ec119_next_dist_26ca9c9c._.js:3127
[  725473ms] [ERROR] Encountered two children with the same key, `%s`. Keys should be unique so that components maintain their identity across updates. Non-unique keys may cause children to be duplicated and/or omitted — the behavior is unsupported and could change in a future version. Calculator @ http://localhost:3002/_next/static/chunks/ec119_next_dist_26ca9c9c._.js:3127
[  726882ms] [ERROR] Encountered two children with the same key, `%s`. Keys should be unique so that components maintain their identity across updates. Non-unique keys may cause children to be duplicated and/or omitted — the behavior is unsupported and could change in a future version. Calculator @ http://localhost:3002/_next/static/chunks/ec119_next_dist_26ca9c9c._.js:3127
[  738014ms] [ERROR] Encountered two children with the same key, `%s`. Keys should be unique so that components maintain their identity across updates. Non-unique keys may cause children to be duplicated and/or omitted — the behavior is unsupported and could change in a future version. Calculator @ http://localhost:3002/_next/static/chunks/ec119_next_dist_26ca9c9c._.js:3127
[  739386ms] [ERROR] Encountered two children with the same key, `%s`. Keys should be unique so that components maintain their identity across updates. Non-unique keys may cause children to be duplicated and/or omitted — the behavior is unsupported and could change in a future version. Calculator @ http://localhost:3002/_next/static/chunks/ec119_next_dist_26ca9c9c._.js:3127
[  740550ms] [ERROR] Encountered two children with the same key, `%s`. Keys should be unique so that components maintain their identity across updates. Non-unique keys may cause children to be duplicated and/or omitted — the behavior is unsupported and could change in a future version. Calculator @ http://localhost:3002/_next/static/chunks/ec119_next_dist_26ca9c9c._.js:3127
[  741726ms] [ERROR] Encountered two children with the same key, `%s`. Keys should be unique so that components maintain their identity across updates. Non-unique keys may cause children to be duplicated and/or omitted — the behavior is unsupported and could change in a future version. Calculator @ http://localhost:3002/_next/static/chunks/ec119_next_dist_26ca9c9c._.js:3127
[  747250ms] [ERROR] Encountered two children with the same key, `%s`. Keys should be unique so that components maintain their identity across updates. Non-unique keys may cause children to be duplicated and/or omitted — the behavior is unsupported and could change in a future version. Calculator @ http://localhost:3002/_next/static/chunks/ec119_next_dist_26ca9c9c._.js:3127
[  748545ms] [ERROR] Encountered two children with the same key, `%s`. Keys should be unique so that components maintain their identity across updates. Non-unique keys may cause children to be duplicated and/or omitted — the behavior is unsupported and could change in a future version. Calculator @ http://localhost:3002/_next/static/chunks/ec119_next_dist_26ca9c9c._.js:3127
[  892527ms] [ERROR] Encountered two children with the same key, `%s`. Keys should be unique so that components maintain their identity across updates. Non-unique keys may cause children to be duplicated and/or omitted — the behavior is unsupported and could change in a future version. Calculator @ http://localhost:3002/_next/static/chunks/ec119_next_dist_26ca9c9c._.js:3127
[  895865ms] [ERROR] Encountered two children with the same key, `%s`. Keys should be unique so that components maintain their identity across updates. Non-unique keys may cause children to be duplicated and/or omitted — the behavior is unsupported and could change in a future version. Calculator @ http://localhost:3002/_next/static/chunks/ec119_next_dist_26ca9c9c._.js:3127
[  896068ms] [ERROR] Encountered two children with the same key, `%s`. Keys should be unique so that components maintain their identity across updates. Non-unique keys may cause children to be duplicated and/or omitted — the behavior is unsupported and could change in a future version. Calculator @ http://localhost:3002/_next/static/chunks/ec119_next_dist_26ca9c9c._.js:3127
[  921046ms] [ERROR] Encountered two children with the same key, `%s`. Keys should be unique so that components maintain their identity across updates. Non-unique keys may cause children to be duplicated and/or omitted — the behavior is unsupported and could change in a future version. Calculator @ http://localhost:3002/_next/static/chunks/ec119_next_dist_26ca9c9c._.js:3127
[  921179ms] [ERROR] Access to font at 'http://localhost:3002/_next/static/media/83afe278b6a6bb3c-s.p.3a6ba036.woff2' from origin 'null' has been blocked by CORS policy: No 'Access-Control-Allow-Origin' header is present on the requested resource. @ http://localhost:3002/sandbox:0
[  921179ms] [ERROR] Failed to load resource: net::ERR_FAILED @ http://localhost:3002/_next/static/media/83afe278b6a6bb3c-s.p.3a6ba036.woff2:0
[  921181ms] [ERROR] Access to font at 'http://localhost:3002/_next/static/media/Kalice_Trial_Bold-s.p.0d951813.otf' from origin 'null' has been blocked by CORS policy: No 'Access-Control-Allow-Origin' header is present on the requested resource. @ http://localhost:3002/sandbox:0
[  921181ms] [ERROR] Failed to load resource: net::ERR_FAILED @ http://localhost:3002/_next/static/media/Kalice_Trial_Bold-s.p.0d951813.otf:0
[  921183ms] [ERROR] Access to font at 'http://localhost:3002/_next/static/media/Kalice_Trial_Medium-s.p.e5dbb990.otf' from origin 'null' has been blocked by CORS policy: No 'Access-Control-Allow-Origin' header is present on the requested resource. @ http://localhost:3002/sandbox:0
[  921183ms] [ERROR] Failed to load resource: net::ERR_FAILED @ http://localhost:3002/_next/static/media/Kalice_Trial_Medium-s.p.e5dbb990.otf:0
[  921185ms] [ERROR] Access to font at 'http://localhost:3002/_next/static/media/Kalice_Trial_Regular-s.p.097de76f.otf' from origin 'null' has been blocked by CORS policy: No 'Access-Control-Allow-Origin' header is present on the requested resource. @ http://localhost:3002/sandbox:0
[  921185ms] [ERROR] Failed to load resource: net::ERR_FAILED @ http://localhost:3002/_next/static/media/Kalice_Trial_Regular-s.p.097de76f.otf:0
[  921192ms] SecurityError: Failed to read the 'localStorage' property from 'Window': The document is sandboxed and lacks the 'allow-same-origin' flag.
    at http://localhost:3002/sandbox:1:3270
[  921324ms] [ERROR] Access to font at 'http://localhost:3002/_next/static/media/83afe278b6a6bb3c-s.p.3a6ba036.woff2' from origin 'null' has been blocked by CORS policy: No 'Access-Control-Allow-Origin' header is present on the requested resource. @ http://localhost:3002/sandbox:0
[  921324ms] [ERROR] Failed to load resource: net::ERR_FAILED @ http://localhost:3002/_next/static/media/83afe278b6a6bb3c-s.p.3a6ba036.woff2:0
[  921325ms] [ERROR] Access to font at 'http://localhost:3002/_next/static/media/Kalice_Trial_Medium-s.p.e5dbb990.otf' from origin 'null' has been blocked by CORS policy: No 'Access-Control-Allow-Origin' header is present on the requested resource. @ http://localhost:3002/sandbox:0
[  921325ms] [ERROR] Failed to load resource: net::ERR_FAILED @ http://localhost:3002/_next/static/media/Kalice_Trial_Medium-s.p.e5dbb990.otf:0
[  921330ms] [ERROR] Access to font at 'http://localhost:3002/_next/static/media/Kalice_Trial_Bold-s.p.0d951813.otf' from origin 'null' has been blocked by CORS policy: No 'Access-Control-Allow-Origin' header is present on the requested resource. @ http://localhost:3002/sandbox:0
[  921330ms] [ERROR] Failed to load resource: net::ERR_FAILED @ http://localhost:3002/_next/static/media/Kalice_Trial_Bold-s.p.0d951813.otf:0
[  921330ms] [ERROR] Access to font at 'http://localhost:3002/_next/static/media/Kalice_Trial_Regular-s.p.097de76f.otf' from origin 'null' has been blocked by CORS policy: No 'Access-Control-Allow-Origin' header is present on the requested resource. @ http://localhost:3002/sandbox:0
[  921330ms] [ERROR] Failed to load resource: net::ERR_FAILED @ http://localhost:3002/_next/static/media/Kalice_Trial_Regular-s.p.097de76f.otf:0
[  921407ms] [ERROR] %o

%s ReferenceError: Trophy is not defined
    at App (eval at a (http://localhost:3002/_next/static/chunks/ec119_9e43afd0._.js:4476:12), <anonymous>:93:35)
    at Object.react_stack_bottom_frame (http://localhost:3002/_next/static/chunks/ec119_next_dist_compiled_react-dom_78cdfa6d._.js:14826:24)
    at renderWithHooks (http://localhost:3002/_next/static/chunks/ec119_next_dist_compiled_react-dom_78cdfa6d._.js:4651:24)
    at updateFunctionComponent (http://localhost:3002/_next/static/chunks/ec119_next_dist_compiled_react-dom_78cdfa6d._.js:6112:21)
    at beginWork (http://localhost:3002/_next/static/chunks/ec119_next_dist_compiled_react-dom_78cdfa6d._.js:6708:24)
    at runWithFiberInDEV (http://localhost:3002/_next/static/chunks/ec119_next_dist_compiled_react-dom_78cdfa6d._.js:965:74)
    at performUnitOfWork (http://localhost:3002/_next/static/chunks/ec119_next_dist_compiled_react-dom_78cdfa6d._.js:9562:97)
    at workLoopSync (http://localhost:3002/_next/static/chunks/ec119_next_dist_compiled_react-dom_78cdfa6d._.js:9456:40)
    at renderRootSync (http://localhost:3002/_next/static/chunks/ec119_next_dist_compiled_react-dom_78cdfa6d._.js:9440:13)
    at performWorkOnRoot (http://localhost:3002/_next/static/chunks/ec119_next_dist_compiled_react-dom_78cdfa6d._.js:9105:47)
    at performWorkOnRootViaSchedulerTask (http://localhost:3002/_next/static/chunks/ec119_next_dist_compiled_react-dom_78cdfa6d._.js:10230:9)
    at MessagePort.performWorkUntilDeadline (http://localhost:3002/_next/static/chunks/ec119_next_dist_compiled_f0ff26e6._.js:2647:64) The above error occurred in the <App> component. It was handled by the <h> error boundary. @ http://localhost:3002/_next/static/chunks/ec119_next_dist_client_f99f0104._.js:1342
[  921458ms] [ERROR] Access to font at 'http://localhost:3002/__nextjs_font/geist-latin.woff2' from origin 'null' has been blocked by CORS policy: No 'Access-Control-Allow-Origin' header is present on the requested resource. @ http://localhost:3002/sandbox:0
[  921458ms] [ERROR] Failed to load resource: net::ERR_FAILED @ http://localhost:3002/__nextjs_font/geist-latin.woff2:0
[  921577ms] [ERROR] Access to fetch at 'http://localhost:3002/__nextjs_original-stack-frames' from origin 'null' has been blocked by CORS policy: No 'Access-Control-Allow-Origin' header is present on the requested resource. @ http://localhost:3002/sandbox:0
[  921577ms] [ERROR] Failed to load resource: net::ERR_FAILED @ http://localhost:3002/__nextjs_original-stack-frames:0
[  924578ms] [WARNING] The resource http://localhost:3002/_next/static/media/Kalice_Trial_Bold-s.p.0d951813.otf was preloaded using link preload but not used within a few seconds from the window's load event. Please make sure it has an appropriate `as` value and it is preloaded intentionally. @ http://localhost:3002/sandbox:0
[  924579ms] [WARNING] The resource http://localhost:3002/_next/static/media/83afe278b6a6bb3c-s.p.3a6ba036.woff2 was preloaded using link preload but not used within a few seconds from the window's load event. Please make sure it has an appropriate `as` value and it is preloaded intentionally. @ http://localhost:3002/sandbox:0
[  924579ms] [WARNING] The resource http://localhost:3002/_next/static/media/Kalice_Trial_Medium-s.p.e5dbb990.otf was preloaded using link preload but not used within a few seconds from the window's load event. Please make sure it has an appropriate `as` value and it is preloaded intentionally. @ http://localhost:3002/sandbox:0
[  924579ms] [WARNING] The resource http://localhost:3002/_next/static/media/Kalice_Trial_Regular-s.p.097de76f.otf was preloaded using link preload but not used within a few seconds from the window's load event. Please make sure it has an appropriate `as` value and it is preloaded intentionally. @ http://localhost:3002/sandbox:0
[  927970ms] [ERROR] Encountered two children with the same key, `%s`. Keys should be unique so that components maintain their identity across updates. Non-unique keys may cause children to be duplicated and/or omitted — the behavior is unsupported and could change in a future version. Calculator @ http://localhost:3002/_next/static/chunks/ec119_next_dist_26ca9c9c._.js:3127
[  964989ms] [ERROR] Encountered two children with the same key, `%s`. Keys should be unique so that components maintain their identity across updates. Non-unique keys may cause children to be duplicated and/or omitted — the behavior is unsupported and could change in a future version. Calculator @ http://localhost:3002/_next/static/chunks/ec119_next_dist_26ca9c9c._.js:3127
[  965192ms] [ERROR] Encountered two children with the same key, `%s`. Keys should be unique so that components maintain their identity across updates. Non-unique keys may cause children to be duplicated and/or omitted — the behavior is unsupported and could change in a future version. Calculator @ http://localhost:3002/_next/static/chunks/ec119_next_dist_26ca9c9c._.js:3127
[  965852ms] [ERROR] Encountered two children with the same key, `%s`. Keys should be unique so that components maintain their identity across updates. Non-unique keys may cause children to be duplicated and/or omitted — the behavior is unsupported and could change in a future version. Calculator @ http://localhost:3002/_next/static/chunks/ec119_next_dist_26ca9c9c._.js:3127
[  967052ms] [ERROR] Encountered two children with the same key, `%s`. Keys should be unique so that components maintain their identity across updates. Non-unique keys may cause children to be duplicated and/or omitted — the behavior is unsupported and could change in a future version. Calculator @ http://localhost:3002/_next/static/chunks/ec119_next_dist_26ca9c9c._.js:3127
[  992318ms] [ERROR] %o

%s ReferenceError: Trophy is not defined
    at App (eval at a (http://localhost:3002/_next/static/chunks/ec119_9e43afd0._.js:4476:12), <anonymous>:93:35)
    at Object.react_stack_bottom_frame (http://localhost:3002/_next/static/chunks/ec119_next_dist_compiled_react-dom_78cdfa6d._.js:14826:24)
    at renderWithHooks (http://localhost:3002/_next/static/chunks/ec119_next_dist_compiled_react-dom_78cdfa6d._.js:4651:24)
    at updateFunctionComponent (http://localhost:3002/_next/static/chunks/ec119_next_dist_compiled_react-dom_78cdfa6d._.js:6112:21)
    at beginWork (http://localhost:3002/_next/static/chunks/ec119_next_dist_compiled_react-dom_78cdfa6d._.js:6708:24)
    at runWithFiberInDEV (http://localhost:3002/_next/static/chunks/ec119_next_dist_compiled_react-dom_78cdfa6d._.js:965:74)
    at performUnitOfWork (http://localhost:3002/_next/static/chunks/ec119_next_dist_compiled_react-dom_78cdfa6d._.js:9562:97)
    at workLoopSync (http://localhost:3002/_next/static/chunks/ec119_next_dist_compiled_react-dom_78cdfa6d._.js:9456:40)
    at renderRootSync (http://localhost:3002/_next/static/chunks/ec119_next_dist_compiled_react-dom_78cdfa6d._.js:9440:13)
    at performWorkOnRoot (http://localhost:3002/_next/static/chunks/ec119_next_dist_compiled_react-dom_78cdfa6d._.js:9105:47)
    at performSyncWorkOnRoot (http://localhost:3002/_next/static/chunks/ec119_next_dist_compiled_react-dom_78cdfa6d._.js:10238:9)
    at flushSyncWorkAcrossRoots_impl (http://localhost:3002/_next/static/chunks/ec119_next_dist_compiled_react-dom_78cdfa6d._.js:10154:316)
    at flushSyncWork$1 (http://localhost:3002/_next/static/chunks/ec119_next_dist_compiled_react-dom_78cdfa6d._.js:9237:86)
    at Object.scheduleRefresh (http://localhost:3002/_next/static/chunks/ec119_next_dist_compiled_react-dom_78cdfa6d._.js:299:13)
    at http://localhost:3002/_next/static/chunks/ec119_next_dist_compiled_f0ff26e6._.js:391:33
    at Set.forEach (<anonymous>)
    at Object.performReactRefresh (http://localhost:3002/_next/static/chunks/ec119_next_dist_compiled_f0ff26e6._.js:384:38)
    at applyUpdate (http://localhost:3002/_next/static/chunks/ec119_next_dist_compiled_f0ff26e6._.js:878:31)
    at http://localhost:3002/_next/static/chunks/ec119_next_dist_compiled_f0ff26e6._.js:886:13 The above error occurred in the <App> component. It was handled by the <h> error boundary. @ http://localhost:3002/_next/static/chunks/ec119_next_dist_client_f99f0104._.js:1342
[  992409ms] [ERROR] %o

%s ReferenceError: Trophy is not defined
    at App (eval at a (http://localhost:3002/_next/static/chunks/ec119_9e43afd0._.js:4476:12), <anonymous>:93:35)
    at Object.react_stack_bottom_frame (http://localhost:3002/_next/static/chunks/ec119_next_dist_compiled_react-dom_78cdfa6d._.js:14826:24)
    at renderWithHooks (http://localhost:3002/_next/static/chunks/ec119_next_dist_compiled_react-dom_78cdfa6d._.js:4651:24)
    at updateFunctionComponent (http://localhost:3002/_next/static/chunks/ec119_next_dist_compiled_react-dom_78cdfa6d._.js:6112:21)
    at beginWork (http://localhost:3002/_next/static/chunks/ec119_next_dist_compiled_react-dom_78cdfa6d._.js:6708:24)
    at runWithFiberInDEV (http://localhost:3002/_next/static/chunks/ec119_next_dist_compiled_react-dom_78cdfa6d._.js:965:74)
    at performUnitOfWork (http://localhost:3002/_next/static/chunks/ec119_next_dist_compiled_react-dom_78cdfa6d._.js:9562:97)
    at workLoopSync (http://localhost:3002/_next/static/chunks/ec119_next_dist_compiled_react-dom_78cdfa6d._.js:9456:40)
    at renderRootSync (http://localhost:3002/_next/static/chunks/ec119_next_dist_compiled_react-dom_78cdfa6d._.js:9440:13)
    at performWorkOnRoot (http://localhost:3002/_next/static/chunks/ec119_next_dist_compiled_react-dom_78cdfa6d._.js:9105:47)
    at performSyncWorkOnRoot (http://localhost:3002/_next/static/chunks/ec119_next_dist_compiled_react-dom_78cdfa6d._.js:10238:9)
    at flushSyncWorkAcrossRoots_impl (http://localhost:3002/_next/static/chunks/ec119_next_dist_compiled_react-dom_78cdfa6d._.js:10154:316)
    at flushSyncWork$1 (http://localhost:3002/_next/static/chunks/ec119_next_dist_compiled_react-dom_78cdfa6d._.js:9237:86)
    at Object.scheduleRefresh (http://localhost:3002/_next/static/chunks/ec119_next_dist_compiled_react-dom_78cdfa6d._.js:299:13)
    at http://localhost:3002/_next/static/chunks/ec119_next_dist_compiled_f0ff26e6._.js:391:33
    at Set.forEach (<anonymous>)
    at Object.performReactRefresh (http://localhost:3002/_next/static/chunks/ec119_next_dist_compiled_f0ff26e6._.js:384:38)
    at applyUpdate (http://localhost:3002/_next/static/chunks/ec119_next_dist_compiled_f0ff26e6._.js:878:31)
    at http://localhost:3002/_next/static/chunks/ec119_next_dist_compiled_f0ff26e6._.js:886:13 The above error occurred in the <App> component. It was handled by the <h> error boundary. @ http://localhost:3002/_next/static/chunks/ec119_next_dist_client_f99f0104._.js:1342
[  992519ms] [ERROR] Access to fetch at 'http://localhost:3002/__nextjs_original-stack-frames' from origin 'null' has been blocked by CORS policy: No 'Access-Control-Allow-Origin' header is present on the requested resource. @ http://localhost:3002/sandbox:0
[  992520ms] [ERROR] Failed to load resource: net::ERR_FAILED @ http://localhost:3002/__nextjs_original-stack-frames:0
[  992531ms] [ERROR] Access to fetch at 'http://localhost:3002/__nextjs_original-stack-frames' from origin 'null' has been blocked by CORS policy: No 'Access-Control-Allow-Origin' header is present on the requested resource. @ http://localhost:3002/sandbox:0
[  992531ms] [ERROR] Failed to load resource: net::ERR_FAILED @ http://localhost:3002/__nextjs_original-stack-frames:0
[  995532ms] [WARNING] The resource http://localhost:3002/_next/static/media/Kalice_Trial_Bold-s.p.0d951813.otf was preloaded using link preload but not used within a few seconds from the window's load event. Please make sure it has an appropriate `as` value and it is preloaded intentionally. @ http://localhost:3002/sandbox:0
[  995532ms] [WARNING] The resource http://localhost:3002/_next/static/media/83afe278b6a6bb3c-s.p.3a6ba036.woff2 was preloaded using link preload but not used within a few seconds from the window's load event. Please make sure it has an appropriate `as` value and it is preloaded intentionally. @ http://localhost:3002/sandbox:0
[  995532ms] [WARNING] The resource http://localhost:3002/_next/static/media/Kalice_Trial_Medium-s.p.e5dbb990.otf was preloaded using link preload but not used within a few seconds from the window's load event. Please make sure it has an appropriate `as` value and it is preloaded intentionally. @ http://localhost:3002/sandbox:0
[  995532ms] [WARNING] The resource http://localhost:3002/_next/static/media/Kalice_Trial_Regular-s.p.097de76f.otf was preloaded using link preload but not used within a few seconds from the window's load event. Please make sure it has an appropriate `as` value and it is preloaded intentionally. @ http://localhost:3002/sandbox:0
[ 1018645ms] [WARNING] [Fast Refresh] performing full reload

Fast Refresh will perform a full reload when you edit a file that's imported by modules outside of the React rendering tree.
You might have a file which exports a React component but also exports a value that is imported by a non-React component file.
Consider migrating the non-React component export to a separate file and importing it into both files.

It is also possible the parent component of the component you edited is a class component, which disables Fast Refresh.
Fast Refresh requires at least one parent function component in your React tree. @ http://localhost:3002/_next/static/chunks/ec119_next_dist_26ca9c9c._.js:2297
[ 1018703ms] [WARNING] [Fast Refresh] performing full reload

Fast Refresh will perform a full reload when you edit a file that's imported by modules outside of the React rendering tree.
You might have a file which exports a React component but also exports a value that is imported by a non-React component file.
Consider migrating the non-React component export to a separate file and importing it into both files.

It is also possible the parent component of the component you edited is a class component, which disables Fast Refresh.
Fast Refresh requires at least one parent function component in your React tree. @ http://localhost:3002/_next/static/chunks/ec119_next_dist_26ca9c9c._.js:2297
[ 1019411ms] [ERROR] Failed to load resource: the server responded with a status of 500 (Internal Server Error) @ http://localhost:3002/sandbox:0
[ 1019742ms] [ERROR] Access to font at 'http://localhost:3002/_next/static/media/83afe278b6a6bb3c-s.p.3a6ba036.woff2' from origin 'null' has been blocked by CORS policy: No 'Access-Control-Allow-Origin' header is present on the requested resource. @ http://localhost:3002/sandbox:18
[ 1019742ms] [ERROR] Failed to load resource: net::ERR_FAILED @ http://localhost:3002/_next/static/media/83afe278b6a6bb3c-s.p.3a6ba036.woff2:0
[ 1019743ms] [ERROR] Access to font at 'http://localhost:3002/_next/static/media/Kalice_Trial_Bold-s.p.0d951813.otf' from origin 'null' has been blocked by CORS policy: No 'Access-Control-Allow-Origin' header is present on the requested resource. @ http://localhost:3002/sandbox:18
[ 1019743ms] [ERROR] Failed to load resource: net::ERR_FAILED @ http://localhost:3002/_next/static/media/Kalice_Trial_Bold-s.p.0d951813.otf:0
[ 1019744ms] [ERROR] Access to font at 'http://localhost:3002/_next/static/media/Kalice_Trial_Medium-s.p.e5dbb990.otf' from origin 'null' has been blocked by CORS policy: No 'Access-Control-Allow-Origin' header is present on the requested resource. @ http://localhost:3002/sandbox:18
[ 1019744ms] [ERROR] Failed to load resource: net::ERR_FAILED @ http://localhost:3002/_next/static/media/Kalice_Trial_Medium-s.p.e5dbb990.otf:0
[ 1019745ms] [ERROR] Access to font at 'http://localhost:3002/_next/static/media/Kalice_Trial_Regular-s.p.097de76f.otf' from origin 'null' has been blocked by CORS policy: No 'Access-Control-Allow-Origin' header is present on the requested resource. @ http://localhost:3002/sandbox:18
[ 1019745ms] [ERROR] Failed to load resource: net::ERR_FAILED @ http://localhost:3002/_next/static/media/Kalice_Trial_Regular-s.p.097de76f.otf:0
[ 1020274ms] Uncaught ReferenceError: Plus is not defined
    at module evaluation (http://localhost:3002/_next/static/chunks/_worktrees_spike-iframe-sandbox_36b93e74._.js:1348:4)
    at <anonymous> (http://localhost:3002/_next/static/chunks/turbopack-_worktrees_spike-iframe-sandbox_9fc63e06._.js:878:12)
    at runModuleExecutionHooks (http://localhost:3002/_next/static/chunks/turbopack-_worktrees_spike-iframe-sandbox_9fc63e06._.js:903:12)
    at instantiateModule (http://localhost:3002/_next/static/chunks/turbopack-_worktrees_spike-iframe-sandbox_9fc63e06._.js:876:8)
    at getOrInstantiateModuleFromParent (http://localhost:3002/_next/static/chunks/turbopack-_worktrees_spike-iframe-sandbox_9fc63e06._.js:829:11)
    at commonJsRequire (http://localhost:3002/_next/static/chunks/turbopack-_worktrees_spike-iframe-sandbox_9fc63e06._.js:258:11)
    at requireModule (http://localhost:3002/_next/static/chunks/ec119_next_dist_compiled_react-server-dom-turbopack_b79210a7._.js:84:83)
    at initializeModuleChunk (http://localhost:3002/_next/static/chunks/ec119_next_dist_compiled_react-server-dom-turbopack_b79210a7._.js:1088:24)
    at resolveModuleChunk (http://localhost:3002/_next/static/chunks/ec119_next_dist_compiled_react-server-dom-turbopack_b79210a7._.js:1012:42)
    at <anonymous> (http://localhost:3002/_next/static/chunks/ec119_next_dist_compiled_react-server-dom-turbopack_b79210a7._.js:1734:23)
[ 1023340ms] [WARNING] The resource http://localhost:3002/_next/static/media/Kalice_Trial_Bold-s.p.0d951813.otf was preloaded using link preload but not used within a few seconds from the window's load event. Please make sure it has an appropriate `as` value and it is preloaded intentionally. @ http://localhost:3002/sandbox:0
[ 1023340ms] [WARNING] The resource http://localhost:3002/_next/static/media/83afe278b6a6bb3c-s.p.3a6ba036.woff2 was preloaded using link preload but not used within a few seconds from the window's load event. Please make sure it has an appropriate `as` value and it is preloaded intentionally. @ http://localhost:3002/sandbox:0
[ 1023340ms] [WARNING] The resource http://localhost:3002/_next/static/chunks/%5Broot-of-the-server%5D__3ec817cb._.css was preloaded using link preload but not used within a few seconds from the window's load event. Please make sure it has an appropriate `as` value and it is preloaded intentionally. @ http://localhost:3002/sandbox:0
[ 1023340ms] [WARNING] The resource http://localhost:3002/_next/static/media/Kalice_Trial_Medium-s.p.e5dbb990.otf was preloaded using link preload but not used within a few seconds from the window's load event. Please make sure it has an appropriate `as` value and it is preloaded intentionally. @ http://localhost:3002/sandbox:0
[ 1023340ms] [WARNING] The resource http://localhost:3002/_next/static/media/Kalice_Trial_Regular-s.p.097de76f.otf was preloaded using link preload but not used within a few seconds from the window's load event. Please make sure it has an appropriate `as` value and it is preloaded intentionally. @ http://localhost:3002/sandbox:0
[ 1030369ms] [WARNING] [Fast Refresh] performing full reload

Fast Refresh will perform a full reload when you edit a file that's imported by modules outside of the React rendering tree.
You might have a file which exports a React component but also exports a value that is imported by a non-React component file.
Consider migrating the non-React component export to a separate file and importing it into both files.

It is also possible the parent component of the component you edited is a class component, which disables Fast Refresh.
Fast Refresh requires at least one parent function component in your React tree. @ http://localhost:3002/_next/static/chunks/ec119_next_dist_26ca9c9c._.js:2297
[ 1030376ms] [WARNING] [Fast Refresh] performing full reload because your application had an unrecoverable error @ http://localhost:3002/_next/static/chunks/ec119_next_dist_26ca9c9c._.js:2297
[ 1031223ms] [ERROR] Failed to load resource: the server responded with a status of 500 (Internal Server Error) @ http://localhost:3002/sandbox:0
[ 1031405ms] [ERROR] Access to font at 'http://localhost:3002/_next/static/media/83afe278b6a6bb3c-s.p.3a6ba036.woff2' from origin 'null' has been blocked by CORS policy: No 'Access-Control-Allow-Origin' header is present on the requested resource. @ http://localhost:3002/sandbox:50
[ 1031405ms] [ERROR] Failed to load resource: net::ERR_FAILED @ http://localhost:3002/_next/static/media/83afe278b6a6bb3c-s.p.3a6ba036.woff2:0
[ 1031408ms] [ERROR] Access to font at 'http://localhost:3002/_next/static/media/Kalice_Trial_Bold-s.p.0d951813.otf' from origin 'null' has been blocked by CORS policy: No 'Access-Control-Allow-Origin' header is present on the requested resource. @ http://localhost:3002/sandbox:50
[ 1031408ms] [ERROR] Failed to load resource: net::ERR_FAILED @ http://localhost:3002/_next/static/media/Kalice_Trial_Bold-s.p.0d951813.otf:0
[ 1031411ms] [ERROR] Access to font at 'http://localhost:3002/_next/static/media/Kalice_Trial_Medium-s.p.e5dbb990.otf' from origin 'null' has been blocked by CORS policy: No 'Access-Control-Allow-Origin' header is present on the requested resource. @ http://localhost:3002/sandbox:50
[ 1031411ms] [ERROR] Failed to load resource: net::ERR_FAILED @ http://localhost:3002/_next/static/media/Kalice_Trial_Medium-s.p.e5dbb990.otf:0
[ 1031417ms] [ERROR] Access to font at 'http://localhost:3002/_next/static/media/Kalice_Trial_Regular-s.p.097de76f.otf' from origin 'null' has been blocked by CORS policy: No 'Access-Control-Allow-Origin' header is present on the requested resource. @ http://localhost:3002/sandbox:50
[ 1031417ms] [ERROR] Failed to load resource: net::ERR_FAILED @ http://localhost:3002/_next/static/media/Kalice_Trial_Regular-s.p.097de76f.otf:0
[ 1031980ms] Uncaught ReferenceError: commonIcons is not defined
    at SandboxPage.useMemo[scope] (http://localhost:3002/_next/static/chunks/_worktrees_spike-iframe-sandbox_36b93e74._.js:1526:19)
    at mountMemo (http://localhost:3002/_next/static/chunks/ec119_next_dist_compiled_react-dom_78cdfa6d._.js:5423:24)
    at useMemo (http://localhost:3002/_next/static/chunks/ec119_next_dist_compiled_react-dom_78cdfa6d._.js:15002:23)
    at exports.useMemo (http://localhost:3002/_next/static/chunks/ec119_next_dist_compiled_f0ff26e6._.js:1741:35)
    at SandboxPage (http://localhost:3002/_next/static/chunks/_worktrees_spike-iframe-sandbox_36b93e74._.js:1470:236)
    at react_stack_bottom_frame (http://localhost:3002/_next/static/chunks/ec119_next_dist_compiled_react-dom_78cdfa6d._.js:14825:23)
    at renderWithHooks (http://localhost:3002/_next/static/chunks/ec119_next_dist_compiled_react-dom_78cdfa6d._.js:4650:23)
    at updateFunctionComponent (http://localhost:3002/_next/static/chunks/ec119_next_dist_compiled_react-dom_78cdfa6d._.js:6111:20)
    at beginWork (http://localhost:3002/_next/static/chunks/ec119_next_dist_compiled_react-dom_78cdfa6d._.js:6707:23)
    at runWithFiberInDEV (http://localhost:3002/_next/static/chunks/ec119_next_dist_compiled_react-dom_78cdfa6d._.js:964:73)
    at performUnitOfWork (http://localhost:3002/_next/static/chunks/ec119_next_dist_compiled_react-dom_78cdfa6d._.js:9561:96)
    at workLoopSync (http://localhost:3002/_next/static/chunks/ec119_next_dist_compiled_react-dom_78cdfa6d._.js:9455:39)
    at renderRootSync (http://localhost:3002/_next/static/chunks/ec119_next_dist_compiled_react-dom_78cdfa6d._.js:9439:12)
    at performWorkOnRoot (http://localhost:3002/_next/static/chunks/ec119_next_dist_compiled_react-dom_78cdfa6d._.js:9104:46)
    at performWorkOnRootViaSchedulerTask (http://localhost:3002/_next/static/chunks/ec119_next_dist_compiled_react-dom_78cdfa6d._.js:10229:8)
    at performWorkUntilDeadline (http://localhost:3002/_next/static/chunks/ec119_next_dist_compiled_f0ff26e6._.js:2646:63)
[ 1034877ms] [WARNING] The resource http://localhost:3002/_next/static/media/Kalice_Trial_Bold-s.p.0d951813.otf was preloaded using link preload but not used within a few seconds from the window's load event. Please make sure it has an appropriate `as` value and it is preloaded intentionally. @ http://localhost:3002/sandbox:0
[ 1034877ms] [WARNING] The resource http://localhost:3002/_next/static/media/83afe278b6a6bb3c-s.p.3a6ba036.woff2 was preloaded using link preload but not used within a few seconds from the window's load event. Please make sure it has an appropriate `as` value and it is preloaded intentionally. @ http://localhost:3002/sandbox:0
[ 1034877ms] [WARNING] The resource http://localhost:3002/_next/static/chunks/%5Broot-of-the-server%5D__3ec817cb._.css was preloaded using link preload but not used within a few seconds from the window's load event. Please make sure it has an appropriate `as` value and it is preloaded intentionally. @ http://localhost:3002/sandbox:0
[ 1034877ms] [WARNING] The resource http://localhost:3002/_next/static/media/Kalice_Trial_Medium-s.p.e5dbb990.otf was preloaded using link preload but not used within a few seconds from the window's load event. Please make sure it has an appropriate `as` value and it is preloaded intentionally. @ http://localhost:3002/sandbox:0
[ 1034877ms] [WARNING] The resource http://localhost:3002/_next/static/media/Kalice_Trial_Regular-s.p.097de76f.otf was preloaded using link preload but not used within a few seconds from the window's load event. Please make sure it has an appropriate `as` value and it is preloaded intentionally. @ http://localhost:3002/sandbox:0
[ 1141373ms] [WARNING] [Fast Refresh] performing full reload because your application had an unrecoverable error @ http://localhost:3002/_next/static/chunks/ec119_next_dist_26ca9c9c._.js:2297
[ 1141954ms] [ERROR] Access to font at 'http://localhost:3002/_next/static/media/83afe278b6a6bb3c-s.p.3a6ba036.woff2' from origin 'null' has been blocked by CORS policy: No 'Access-Control-Allow-Origin' header is present on the requested resource. @ http://localhost:3002/sandbox:0
[ 1141954ms] [ERROR] Failed to load resource: net::ERR_FAILED @ http://localhost:3002/_next/static/media/83afe278b6a6bb3c-s.p.3a6ba036.woff2:0
[ 1141963ms] [ERROR] Access to font at 'http://localhost:3002/_next/static/media/Kalice_Trial_Medium-s.p.e5dbb990.otf' from origin 'null' has been blocked by CORS policy: No 'Access-Control-Allow-Origin' header is present on the requested resource. @ http://localhost:3002/sandbox:0
[ 1141963ms] [ERROR] Failed to load resource: net::ERR_FAILED @ http://localhost:3002/_next/static/media/Kalice_Trial_Medium-s.p.e5dbb990.otf:0
[ 1141963ms] [ERROR] Access to font at 'http://localhost:3002/_next/static/media/Kalice_Trial_Bold-s.p.0d951813.otf' from origin 'null' has been blocked by CORS policy: No 'Access-Control-Allow-Origin' header is present on the requested resource. @ http://localhost:3002/sandbox:0
[ 1141963ms] [ERROR] Failed to load resource: net::ERR_FAILED @ http://localhost:3002/_next/static/media/Kalice_Trial_Bold-s.p.0d951813.otf:0
[ 1141979ms] [ERROR] Access to font at 'http://localhost:3002/_next/static/media/Kalice_Trial_Regular-s.p.097de76f.otf' from origin 'null' has been blocked by CORS policy: No 'Access-Control-Allow-Origin' header is present on the requested resource. @ http://localhost:3002/sandbox:0
[ 1141979ms] [ERROR] Failed to load resource: net::ERR_FAILED @ http://localhost:3002/_next/static/media/Kalice_Trial_Regular-s.p.097de76f.otf:0
[ 1142009ms] SecurityError: Failed to read the 'localStorage' property from 'Window': The document is sandboxed and lacks the 'allow-same-origin' flag.
    at http://localhost:3002/sandbox:1:3270
[ 1142301ms] [ERROR] Access to font at 'http://localhost:3002/_next/static/media/83afe278b6a6bb3c-s.p.3a6ba036.woff2' from origin 'null' has been blocked by CORS policy: No 'Access-Control-Allow-Origin' header is present on the requested resource. @ http://localhost:3002/sandbox:0
[ 1142301ms] [ERROR] Failed to load resource: net::ERR_FAILED @ http://localhost:3002/_next/static/media/83afe278b6a6bb3c-s.p.3a6ba036.woff2:0
[ 1142304ms] [ERROR] Access to font at 'http://localhost:3002/_next/static/media/Kalice_Trial_Bold-s.p.0d951813.otf' from origin 'null' has been blocked by CORS policy: No 'Access-Control-Allow-Origin' header is present on the requested resource. @ http://localhost:3002/sandbox:0
[ 1142304ms] [ERROR] Failed to load resource: net::ERR_FAILED @ http://localhost:3002/_next/static/media/Kalice_Trial_Bold-s.p.0d951813.otf:0
[ 1142340ms] [ERROR] Access to font at 'http://localhost:3002/_next/static/media/Kalice_Trial_Medium-s.p.e5dbb990.otf' from origin 'null' has been blocked by CORS policy: No 'Access-Control-Allow-Origin' header is present on the requested resource. @ http://localhost:3002/sandbox:0
[ 1142340ms] [ERROR] Failed to load resource: net::ERR_FAILED @ http://localhost:3002/_next/static/media/Kalice_Trial_Medium-s.p.e5dbb990.otf:0
[ 1142346ms] [ERROR] Access to font at 'http://localhost:3002/_next/static/media/Kalice_Trial_Regular-s.p.097de76f.otf' from origin 'null' has been blocked by CORS policy: No 'Access-Control-Allow-Origin' header is present on the requested resource. @ http://localhost:3002/sandbox:0
[ 1142346ms] [ERROR] Failed to load resource: net::ERR_FAILED @ http://localhost:3002/_next/static/media/Kalice_Trial_Regular-s.p.097de76f.otf:0
[ 1142791ms] [ERROR] Encountered two children with the same key, `%s`. Keys should be unique so that components maintain their identity across updates. Non-unique keys may cause children to be duplicated and/or omitted — the behavior is unsupported and could change in a future version. Calculator @ http://localhost:3002/_next/static/chunks/ec119_next_dist_26ca9c9c._.js:3127
[ 1144076ms] [ERROR] Encountered two children with the same key, `%s`. Keys should be unique so that components maintain their identity across updates. Non-unique keys may cause children to be duplicated and/or omitted — the behavior is unsupported and could change in a future version. Calculator @ http://localhost:3002/_next/static/chunks/ec119_next_dist_26ca9c9c._.js:3127
[ 1145727ms] [WARNING] The resource http://localhost:3002/_next/static/media/Kalice_Trial_Bold-s.p.0d951813.otf was preloaded using link preload but not used within a few seconds from the window's load event. Please make sure it has an appropriate `as` value and it is preloaded intentionally. @ http://localhost:3002/sandbox:0
[ 1145727ms] [WARNING] The resource http://localhost:3002/_next/static/media/83afe278b6a6bb3c-s.p.3a6ba036.woff2 was preloaded using link preload but not used within a few seconds from the window's load event. Please make sure it has an appropriate `as` value and it is preloaded intentionally. @ http://localhost:3002/sandbox:0
[ 1145727ms] [WARNING] The resource http://localhost:3002/_next/static/media/Kalice_Trial_Medium-s.p.e5dbb990.otf was preloaded using link preload but not used within a few seconds from the window's load event. Please make sure it has an appropriate `as` value and it is preloaded intentionally. @ http://localhost:3002/sandbox:0
[ 1145727ms] [WARNING] The resource http://localhost:3002/_next/static/media/Kalice_Trial_Regular-s.p.097de76f.otf was preloaded using link preload but not used within a few seconds from the window's load event. Please make sure it has an appropriate `as` value and it is preloaded intentionally. @ http://localhost:3002/sandbox:0
